,attr_conc.mean,attr_conc.sd,attr_ent.mean,attr_ent.sd,class_conc.mean,class_conc.sd,class_ent,eq_num_attr,joint_ent.mean,joint_ent.sd,mut_inf.mean,mut_inf.sd,ns_ratio,dataset
0,5.624947842749776e-05,6.0421615987634317e-05,1.526439183722315,0.18498848263193085,0.044586051656126856,0.11338538163438563,0.9999977500599352,25.049685164212246,2.486516362186061,0.27082794484856476,0.03992057159618927,0.08665267061425869,37.23690700531016,2dplanes
1,0.4583333412190525,0.1387191553922486,0.03187835568310842,0.4144186238804095,0.49708439403191707,0.03790294974957376,0.13058991607500178,324.073258590981,0.1620653075745093,0.4091797086656447,0.00040296418360091167,0.005238915214764746,78.10965038689434,APSFailure
2,0.04880079061942652,0.14041741515868317,1.083392089755001,1.7027188128253672,0.6289763339161337,1.9395771386161278,17.179360766384903,25.303603081823216,17.583823428151607,0.728199849390742,0.6789294279882875,1.007040750662252,0.5957359411642577,Allstate_Claims_Severity
3,0.0719104747804957,0.10273959784222776,4.092968369955434,1.007651487000204,0.0004954784442496278,0.00026616942046440447,0.3190117478024129,56.18997694698303,4.406302739600112,1.007095164324171,0.005677378157734614,0.0012460899544230225,719.9257964223066,Amazon_employee_access
4,0.024428539589450404,0.03358588390341304,1.7740491504086255,1.028428053599496,0.07231777847648321,0.14075572286402427,0.9912308989033523,10.109158705084093,2.6672272906383165,1.034400715827823,0.09805275867366123,0.11621677163890613,17.092802022154302,Australian
5,0.006113045334149294,0.012390636035501319,0.5897235001667845,0.818161866727928,0.0034165481930164498,0.018114945470663557,0.9948419318795931,256.475279530411,1.5806865321629227,0.8126373523700052,0.003878899883454974,0.008632857026466477,151.03369973073708,Bioresponse
6,0.05346835382792315,0.07439092173951442,2.916632813322222,1.4051098910883923,0.6218452493675098,0.03686497684225783,12.212900501031216,5.422520053470361,12.87727783523998,0.22018055959096217,2.252255479113457,1.2086096879924881,0.2949831137586044,Brazilian_houses
7,0.10634853863930155,0.15865843402402424,4.343309560386044,1.9179247716046106,0.08855037098038519,0.04224959666388427,8.843256291539772,8.240055637929869,12.11336238339178,1.3664929289369878,1.073203468534036,0.5993007408442708,3.0470513632600125,Buzzinsocialmedia_Twitter
8,0.27898852182410616,0.2453627287888599,1.2163623458556045,1.9005321303548222,0.2743133729283366,0.25930624417816883,0.6540751823932877,168.4517271989923,1.866554664040438,1.8966651790599427,0.003882864208454376,0.005326957419991254,312.264198940347,Click_prediction_small
9,0.12859657765514454,0.21551710819473385,1.2606663890032561,1.601672261508446,0.07673742131010744,0.18012584753767438,1.3636330318506713,305.90401097611743,2.619841705417312,1.5977649628954713,0.004457715436614962,0.008786133059622309,281.8054879071786,Diabetes130US
10,0.039352414926068426,0.036045600331056964,3.0477124625003915,1.6521390441702406,0.12316276932210755,0.06741870818060894,3.321928094887362,8.880076662227276,5.995552785261003,1.5600559640646414,0.3740877721267516,0.19461166525349857,7.1470518139997905,Fashion-MNIST
11,0.0012700829176445002,0.0010761455725486993,1.1248924236118754,0.3753503368895344,0.0016029207732517177,0.02233418275013998,1.0,1172.498364763662,2.1240395439575814,0.3753030219205435,0.0008528796542940746,0.0008340974138443403,1317.9345272199564,GAMETES_Epistasis_2-Way_1000atts_0_4H_EDM-1_EDM-1_1
12,0.0012374445725290544,0.001102280179361565,1.1635632893837795,0.3210993467248388,0.0004426439803932692,0.0004463466497035158,1.0,1525.5237967487956,2.1629077768299068,0.32096019558606115,0.0006555125538724504,0.0005135835827756374,1774.0434869782607,GAMETES_Epistasis_2-Way_20atts_0_1H_EDM-1_1
13,0.0012089455449010335,0.0010997708532024565,1.09499337227133,0.4300917154838468,0.0002994001477845328,0.00030595465049773445,1.0,1945.3275680879615,2.0944793200281997,0.4299707176277615,0.0005140522431309024,0.0005379332145242161,2129.1207939530223,GAMETES_Epistasis_2-Way_20atts_0_4H_EDM-1_1
14,0.0011252662225218323,0.0010208680814429993,1.0842737603239863,0.3075169717819942,0.0009694104807751482,0.0010805751043376562,1.0,817.3122645995229,2.083050237757015,0.30768251002311237,0.0012235225669713801,0.0010225462252614595,885.1902424962375,GAMETES_Epistasis_3-Way_20atts_0_2H_EDM-1_1
15,0.0009359281024995568,0.0007506605847536914,1.0387016203766728,0.36959244717603346,0.0004442837190862134,0.0005433989788313023,1.0,1606.4672340412,2.038079136469868,0.3693399906698931,0.0006224839068048827,0.000649305845093114,1667.6401190806264,GAMETES_Heterogeneity_20atts_1600_Het_0_4_0_2_50_EDM-2_001
16,0.0017630244759064624,0.0035002182019070014,1.1647260776294106,0.37399120420677284,0.00039644093086128797,0.0004470448228730113,1.0,1495.4613436782527,2.1640573876601055,0.37399619462893635,0.0006686899693043146,0.0006470754504993365,1740.8028250687792,GAMETES_Heterogeneity_20atts_1600_Het_0_4_0_2_75_EDM-2_001
17,0.025348567008744844,0.032378352753081895,4.3923166350038,6.923894348300379e-07,0.010253787017338499,0.004408905391504517,2.193423736133549,14.44285095785567,6.433871204687181,0.06778649179561248,0.15186916645016785,0.0677867451277663,27.921714247012947,GesturePhaseSegmentationProcessed
18,0.12131605419532017,0.11238246576075785,4.261924123647965,0.2135690762817936,0.06889660815463212,0.032001982479444274,2.082191161866893,2.8348405693564662,5.609615016125963,0.26118139235117355,0.7345002693888951,0.30941421694124127,4.802481362183692,Indian_pines
19,0.016066334746100808,0.07838219981430761,0.08094983029204701,0.22261360014720216,0.018290241527433738,0.06552509437206468,0.5841908881393563,96.68803308819344,0.6590986998952884,0.21191136408190908,0.006042018536114908,0.015931002900506034,12.39781230530596,Internet-Advertisements
20,0.016510858829047133,0.04339476164489384,2.0236502381183277,0.9936724051045365,0.05765216349836638,0.03406234427672841,3.321928094887362,31.519242741102566,5.240184681191986,0.965708228399914,0.1053936518137034,0.0629729821203973,18.200874087704875,Kuzushiji-MNIST
21,0.03955166472358566,0.043906423431920256,0.8785894823665015,0.10123629349066146,0.5681657119102904,0.08097077633463282,3.3123077024871854,7.848075615368264,3.768843694950893,0.0417308352193486,0.422053489902793,0.10517043439913189,1.0817017354100247,LED-display-domain-7digit
22,0.10268395568823174,0.09364457175075443,2.5738196040159838,0.8622985407326273,0.9936369696064652,0.050976880694536875,9.760871880623844,3.7994593056438974,9.7656754496149,0.03161782843999511,2.569016035024926,0.863182213986649,0.0018698088784063868,MIP-2016-regression
23,0.17856373102763018,0.2400606889323105,0.39812108675685143,0.5489755458517802,0.6481543270020735,0.11719080046621573,11.110652682418422,40.01257846454742,11.231094771500509,0.16126044717037416,0.2776789976747652,0.3991346043632781,0.4337457643201213,Mercedes_Benz_Greener_Manufacturing
24,0.2569776141682573,0.24447182819619276,1.1801586652889313,1.6004154006830247,0.3391921614529398,0.21868394624464815,2.993026787316555,25.70542613194253,4.056749849789421,1.4469042070384988,0.11643560281606485,0.1939313999897431,9.13571997521451,MiceProtein
25,0.006187953066918118,0.007041469737285254,5.548874820056551,0.5000521020202463,0.002945319263057371,0.0023622702028257402,0.8562988270096951,8.569084856795579,6.305244793364835,0.5000754594043628,0.0999288537014102,0.07251575477033922,54.52825449831258,MiniBooNE
26,0.2598407906604975,0.24641743094519536,1.5442651587520637,1.6205888688966974,0.42218745931314217,0.07921895552073184,8.236499207412553,10.085718877071434,8.964114674873185,0.7428476285647724,0.816649691291432,0.8936485594455009,0.8909762352447556,Moneyball
27,0.014496451142446461,0.00833576919827505,3.4594136798151007,4.967820599437001e-05,0.0068318509682251,0.008218530997543577,0.6911361227419887,13.77772188070126,4.1003864933593555,0.05447029922340999,0.050163309197733,0.05447070048687473,67.96302766188798,OVA_Colon
28,0.011018336830824713,0.005332326133839956,3.4594136798151007,4.967820599437001e-05,0.0016079624251345071,0.0013720011891644947,0.23991304091690965,20.20914891278752,3.6874552143191344,0.008238955507501809,0.011871506412875335,0.008238896229138822,290.40477707725165,OVA_Endometrium
29,0.013049650022742804,0.007276002020239913,3.4594136798151007,4.967820599437001e-05,0.00938155439740207,0.010827159002114896,0.653766023094784,9.981558244726529,4.047682311914828,0.06828924225140533,0.06549739099505658,0.06829019636895049,51.81757986476438,OVA_Kidney
30,0.012866120789410958,0.006920583807365931,3.4594136798151007,4.967820599437001e-05,0.002047388837967099,0.0029642252113204442,0.4076291728545772,28.275925289067338,3.85262673122759,0.014980152478385628,0.014416121442087126,0.014975684704968129,238.96840576797027,OVA_Lung
31,0.010522711135412066,0.004565707062808697,3.4594136798151007,4.967820599437001e-05,0.0026732862586689877,0.002785740294719599,0.5523574067765363,29.626085759248497,3.993126794150671,0.01768924094878199,0.01864429244096496,0.01768992711224003,184.54813440997788,OVA_Ovary
32,0.012963558168053132,0.010444971980364611,3.4594136798151007,4.967820599437001e-05,0.004503069833444069,0.005934679578542802,0.26326539563132384,9.1613039654542,3.6939424025203795,0.025255760069175563,0.02873667292604363,0.025256640056078042,119.38323603843104,OVA_Prostate
33,0.014801526985706654,0.04997235266627929,3.197159384344322,1.876841643412434,0.03925894597827197,0.005337761408953613,7.769026383249161,23.51893401945371,10.635855048657707,1.6468986297709909,0.3303307189357733,0.23425708753376684,8.678662022849744,OnlineNewsPopularity
34,0.058749974045053666,0.14984182803681265,0.8349962447495506,0.3582633438876272,0.04116869906514865,0.08832812549547528,0.9906239227414301,19.057489479881895,1.7736393478878958,0.30492382546796426,0.05198081960308496,0.12376967983803952,15.063545190811018,PhishingWebsites
35,0.00851958228357117,0.007456137068891654,5.459429921894997,1.4704383934062768e-06,0.006148204032678992,0.00529224556459013,0.9999981465894787,4.309328737167431,6.227373795631116,0.2061536360365604,0.23205427285336055,0.2061524986841386,22.52652185527699,Run_or_walk_information
36,0.18364150192041245,0.157716412867672,3.405925677659368,1.155486635741924,0.9203446642769889,0.14206256750570387,9.833788976987739,2.959432073383146,9.916851100713258,0.20316619006245848,3.322863553933849,1.1432452185489954,0.02499715151625286,SAT11-HAND-runtime-regression
37,0.09649330014650725,0.03363600287771562,4.004543533240864,0.04998805843240091,0.0036123650808955513,0.0028318731151506333,0.1105808447698871,5.458558235993083,4.094866126657724,0.05442434607331761,0.02025825135302765,0.012647430343156811,196.67468886905556,Satellite
38,0.29216557485990985,0.24685423030577583,0.7013823567324903,0.7741845161931409,0.2528889119620062,0.24827790143793432,0.6454759038773972,139.27218078505067,1.34222362431541,0.7702494241036172,0.004634636294477281,0.012954720276639443,150.3349294675551,SpeedDating
39,0.05480886735472398,0.05557210882442504,0.9588733668884982,0.8009054305030009,0.08060319120684818,0.11022346474212802,0.9076514058796559,13.085490108754577,1.7971615774780967,0.7924585376661989,0.06936319529005723,0.06854786541879679,12.823950336756567,Titanic
40,0.20927732477257863,0.24665419379039155,0.23556050436071266,0.501990087387017,0.2783358068216849,0.2514692852482062,1.2353170276011411,387.03558037745165,1.4676857917440775,0.49997771402977476,0.003191740217776395,0.005298397385985986,72.80315698901764,Traffic_violations
41,0.04816009373203534,0.03478961275701719,2.993287184843917,0.012859221793601529,0.2074992121276944,0.08781925616366686,4.2792046221156514,4.524598288959323,6.326727266368743,0.31296432867383356,0.9457645405908259,0.3088700625296382,2.1649391115615195,UMIST_Faces_Cropped
42,0.0021224770339714114,0.0017201679800490114,6.189824543628103,1.1517159802814159e-08,0.000429920234610718,0.00016975814693247752,4.965077204902855,248.74392283076293,11.134941151510539,0.00841026067566521,0.019960597020418174,0.008410255168552093,309.10217466423387,Yolanda
43,0.20699102451289747,0.09373275398469229,3.6858601978872048,0.8506318827364051,0.08139380652484267,0.02980033176590121,3.602007147622906,6.7757299271457745,6.756263048061346,0.7317606081987378,0.5316042974487657,0.1280509031399996,5.933465766879802,abalone
44,0.017435634070844478,0.04094338178702901,0.6608036841031857,0.8795902501734054,0.02303992240188478,0.04414525314457479,0.808302654832032,34.170084890217154,1.4454510668623222,0.8618349235703718,0.023655272072895785,0.03882015388060986,26.934731930660593,ada
45,0.10725135878948236,0.2125718288517597,1.7994777326981344,1.7737953696281812,0.13256572599223945,0.20160071854807163,0.7938438393644257,14.116206821438787,2.5370852297217277,1.7553494846064925,0.05623634234083243,0.05682611433055891,30.998484570564937,adult
46,0.14038616466101017,0.2754994628435561,2.6868005282533307,1.7621229903003812,0.010029247140959072,0.013739115051782998,0.9832048570341375,11.580146385572325,3.5851010305153115,1.7192591620773072,0.08490435477215641,0.09824400489924637,30.645026164599532,ailerons
47,0.02565263750472993,0.04940655343822187,5.218829022791195,1.3629938383684244,0.0016707189148598915,0.003590418597742964,0.9913943866651787,58.687539478260014,6.193330651718038,1.3663834243904427,0.016892757738334336,0.017156581165837344,307.9388425282528,airlines
48,0.4166669064641894,0.1870483331481649,0.35257535325076433,0.9007282040785934,0.4234693470197732,0.18065048171946047,1.0,988.6072459654923,1.3515638292061238,0.8985721611318085,0.0010115240446405805,0.004205382740845267,347.55854897254875,albert
49,0.01586748830463755,0.014181588329372503,2.8939566006532362,0.38307798019991973,0.05577091822684961,0.03474280681278571,1.7874160492261657,6.8275440021895255,4.419577771859876,0.37550668236635315,0.26179487801952783,0.16488523329734536,10.054290376289828,analcatdata_authorship
50,0.023090514687655286,0.0423586623252072,1.9961282681952923,0.9500889606268885,0.017377022302182465,0.013023401678027647,2.5802592077826514,64.65538226464899,4.536479596426307,0.9291126779178024,0.03990787955163688,0.024568876650676443,49.01839963991317,analcatdata_dmft
51,0.045902691053288244,0.071324206763956,1.5119052472414127,0.5557002900698241,0.02069131612055138,0.020552945006196248,0.9895875212220555,26.928498261095616,2.46474406039861,0.5434230287195457,0.03674870806485861,0.035666385412779014,40.14172516141296,arcene
52,0.20099553670106543,0.37719733980095255,2.97989423108056,0.03256712351109845,0.009675888489592626,0.004755640854917709,0.5923330028993273,12.48254285297665,3.524774322351542,0.058019735978076616,0.04745291162834475,0.026072906526992155,61.796868070379865,arsenic-female-bladder
53,0.04136456444998243,0.037817637272243625,3.639568791467265,0.7955626758941756,0.03252305031297797,0.02676892430946336,3.284826011062924,12.937368892006027,6.670492634439998,0.7686531666876929,0.2539021680901911,0.10457772277930207,13.334532150093409,artificial-characters
54,0.003649678399046735,0.013115553171538506,0.9592123537944506,0.07292952564119239,0.0051445631252922275,0.0075232116129703075,0.8252336065126468,220.29496779414725,1.7806999210090786,0.07520183199228579,0.003746039298018733,0.005515203169380921,255.06040873670887,autoUniv-au1-1000
55,0.0097972245551912,0.0043911777737499665,3.0026481961668816,0.5300484886305292,0.0097412966231642,0.0030555111386566694,2.893653383238954,52.79865906060455,5.841496146186073,0.5164045413787578,0.05480543321976218,0.021819256250843907,53.78741832268124,autoUniv-au6-750
56,0.007870038277165838,0.010361554600747164,2.156086862580624,1.0446430316674014,0.02201361629654015,0.023903419839937903,2.2806595148216537,55.16227840673484,4.3954018285421785,1.0388552919887444,0.04134454886009938,0.02866834400936537,51.14924148468363,autoUniv-au7-1100
57,0.01882643972298434,0.0806475871020527,1.9773116247159734,0.938690471647027,0.007615341798687365,0.009421240603121066,1.5824160258653346,67.12757399926278,3.5361543865470275,0.9200873913187545,0.023573264034280655,0.039954292027968415,82.8794161826946,autoUniv-au7-700
58,-6.250002346150688e-08,0.0,2.3219280948873626,0.0,0.0437559133543309,0.0,1.318116246441582,9.73829735250785,3.5046904700382786,0.0,0.13535387129066612,0.0,16.15450081144063,balance-scale
59,0.02635024195543132,0.08738064985295557,2.314873459883114,1.7291013659745698,0.007380700984980034,0.008036318471436042,0.5206312212538164,26.109748059491434,2.8155645721758042,1.720087887513602,0.01994010896112635,0.02530705946896846,115.09131446553313,bank-marketing
60,0.002183464774041022,0.0004813800402793866,4.095938797495001,0.60878903067569,0.0008811332494663469,0.0021077308904949967,0.8936632139657561,85.31602913213236,4.979127271566549,0.6067701457474199,0.010474739894207968,0.02738614311085957,390.03011997079375,bank32nh
61,0.0020838947744854716,0.000707712127278815,4.031650382752771,0.8210264355925259,0.004582968344146592,0.008214190654511117,0.9730662661337471,13.726643017019791,4.933827774969769,0.8023698397460778,0.07088887391674958,0.12866026527006105,55.87282305383292,bank8FM
62,0.09089497823754467,0.13271004931385058,3.1507168098064664,0.8845072894976818,0.057529631103314695,0.1186874565725435,0.5400978590902225,4.019008259788122,3.5564288144325094,0.8411296878232696,0.13438585446417964,0.0718771766153459,22.44530101303397,baseball
63,0.025571714754611792,0.06711410968399055,2.2695129712941906,1.0570760801924748,0.192091930867684,0.23531528045014932,13.129178059422856,21.136701332832576,14.77753554137734,0.8862678085733163,0.621155489339707,0.6234484246807496,2.6536954277047444,black_friday
64,0.22206201045932894,0.3660123071894243,2.8825407662002718,0.26857768785511843,0.010159305490259429,0.008808436508002898,0.7916446298452328,20.08030741612275,3.634761466250007,0.29642159929744044,0.03942392979549758,0.027915348886425353,72.11652544920757,blood-transfusion-service-center
65,0.13769854014229285,0.10394810315295232,2.3587322947258964,0.7579871152820675,0.5114047984822935,0.02923287811280215,7.527082109018081,5.020312641441753,8.386489033669728,0.2728444090716327,1.499325370074248,0.4955240331780697,0.5731957464370058,boston
66,0.20069070569354894,0.16962883469774442,2.374072911493266,0.8472296281265854,0.07902328291531921,0.1023462959877613,0.9898335738965818,4.529063362659472,3.1453549892775587,0.7705717864156253,0.2185514961122889,0.12591128267760768,9.86276211201729,boston_corrected
67,-4.96666777765976e-08,8.332186795708152e-09,1.792481250360578,0.22732540056555695,0.054606412208439696,0.05517964763165563,1.205740970012175,10.53834117823093,2.8838075369211604,0.30081349161029247,0.1144146834515926,0.10402099828923443,14.666531569953207,car
68,0.03365879380601816,0.060575280410184715,2.085724355196266,1.4593186136798528,0.3684361028226741,0.423692133271554,2.913356388291818,7.303551860488224,4.6001849125359,1.4211074128784662,0.3988958309521838,0.2554253168041955,4.228744432393641,cardiotocography
69,0.029101043916311343,0.15499677480683574,3.3217247976510933,1.274675790603439,0.0058291157899484705,0.014898851104376389,0.5878935751446988,37.93555896930678,3.894121208891595,1.2771562573263477,0.015497163904197553,0.022350955839154422,213.34404502564323,churn
70,0.0126687925725862,0.0029309693050148843,2.9999604195271723,4.569640269980427e-16,0.0036312630732805904,0.004329048755104817,0.4201910370851764,21.487958167559448,3.400596735134924,0.024051100483127,0.019554721477424614,0.024051100483127003,152.41361026238823,climate-model-simulation-crashes
71,0.03292962380223694,0.04548410245685288,1.591380680533382,0.9861694216603035,0.01902340812729307,0.009411963296717904,1.5390345832497476,43.15221258768076,3.0947500106950616,0.964485944641666,0.03566525308806799,0.025641626926577503,43.61991834472043,cmc
72,0.000374817999330076,0.002900116072313333,0.05961018468238869,0.10654163286137351,0.04163883084227573,0.09099896347545333,3.1699250014423126,162.77533465015244,3.2100609518480194,0.07867035869882612,0.019474234276681573,0.043171177712772325,2.060977075425546,cnae-9
73,0.4583333327805905,0.13871915542040747,0.08175411295077349,0.3703896269724877,0.5114236636179075,0.04337072034017421,11.857754998942443,199.03679502032563,11.879933418877602,0.09879033408962519,0.05957569301561317,0.27160359934771544,0.37227296591158326,colleges
74,0.4583333344890656,0.13871915359668077,0.12925507607950407,0.5961863001482116,0.4734033154727066,0.10736450286622441,0.9976685824034747,327.3732764031319,1.1238761629959773,0.5905886722497511,0.0030474954870016086,0.015512239685483124,41.413541424691815,colleges_usnews
75,0.017159705672836003,0.012924544032543693,3.1506962239350234,0.05986021989099759,0.07815287392156055,0.031737618501282004,4.648562076012778,10.13928084787923,7.340787709601636,0.17891102986823246,0.45847059034616733,0.1764867980682848,5.872188293596098,collins
76,0.021863317031737224,0.06423491351421011,0.6780857043703078,0.5528820607742997,0.00328953251897814,0.0049210240637003674,1.2184443563726475,211.81584135099038,1.8907776847705007,0.5472785239477915,0.005752375972454387,0.008516475124801708,116.87923939905245,connect-4
77,0.07334296723163125,0.1413849058224335,3.5814229211461983,0.9627620888993561,0.022672827882350925,0.013634539845070839,0.8841664897438647,5.1979666584585855,4.295490880476238,0.9122402295535458,0.17009853041382475,0.10385244491793773,20.054990377830556,cpu_act
78,0.036562573925924324,0.04658361747181055,4.022848928073597,0.4240854895120533,0.016985185425177456,0.01189102626986539,0.8841664897438647,4.886384261893118,4.72607048136637,0.42476230626502226,0.18094493645109166,0.0862166014225049,21.23244820758468,cpu_small
79,0.014111490473609283,0.030592138102194827,1.5720079147491004,0.8457858881487411,0.008703283821730894,0.013443066026211795,0.8812908992306927,58.38122983507474,2.4382033646081323,0.8392951970294706,0.015095449371661296,0.02115985139514469,103.1378680452026,credit-g
80,0.5,0.0,0.3051736538401443,0.75924533216483,0.41787143813951083,0.18327910424727964,0.9824740868386409,183.91683969311873,1.2823057932612567,0.7472410257432133,0.005341947417528403,0.015790559388997358,56.127790670268546,cylinder-bands
81,0.01398642610413619,0.015668309185430076,4.155517676634011,0.1654681553312502,0.01464628317887721,0.016722649666467665,0.9972877951195075,4.6388765977690065,4.937820706778495,0.2575833856675968,0.2149847649750237,0.27235287094146426,18.3293588832529,delta_ailerons
82,0.007451463220324933,0.00831981288269149,3.356808990492047,1.3164459629068161,0.013322597732796764,0.01922834203669143,0.9999776283308132,7.9469391547202894,4.2309548225976625,1.2780562540461435,0.12583179622519833,0.17340532066041317,25.6769536094394,delta_elevators
83,0.028840438796475666,0.03211053699372291,2.958105757854844,0.34168940624694744,0.01248981695807782,0.008523298017724572,0.9331343166407832,12.954877983803843,3.8192105024836493,0.3357632924270967,0.07202957201197768,0.05160877219809383,40.06793467220582,diabetes
84,0.07099099565854539,0.12537480139769974,4.001633230909751,1.3696942683523652,0.3303729934048083,0.08239032952128679,12.503038758306195,5.682919846256382,14.304563753210724,0.46961997232560726,2.2001082360052218,1.174348976084052,0.8188347125028688,diamonds
85,0.027833717310601767,0.07342019882864914,4.392316867785342,1.673324572969388e-07,0.009392283532638181,0.0053038447846044615,2.3214836340926372,17.053124950684424,6.577668054551984,0.077695407672298,0.13613244732599375,0.07769540410467879,31.26502537831518,dilbert
86,0.0028706937138660085,0.014725261058215238,0.806063119106517,0.06377891604330826,0.02547308221654966,0.059580614768332346,1.4797951605545792,68.42556685526125,2.2642319310817007,0.07371715178866337,0.021626348579395036,0.05165757461518652,36.272270727870854,dna
87,0.4583333333065848,0.1387191544532827,0.2017046494915221,0.6987254020843763,0.4584963237651815,0.14377297110881607,0.9814538950336537,1459.6560872717703,1.18248615744469,0.6963962142876245,0.0006723870804855684,0.0023291877967517175,298.9829344517742,dresses-sales
88,0.03394398160649969,0.018550057195663675,4.576431512819236,0.003938659258054246,0.0013468409871249963,0.0009526837733586932,0.9924223733876091,43.75069792407591,5.546170308104621,0.01585450918626835,0.022683578102224544,0.016260889948561227,200.7508654144133,eeg-eye-state
89,0.06971522852425846,0.10766991807477709,4.26920122195504,0.9377988420163241,0.0031357383094528348,0.002875206030858112,0.9835093906057097,12.706494309433733,5.175308508828998,0.8995284224339163,0.07740210373175227,0.08027516990393645,54.15613938285901,electricity
90,0.020887428279321076,0.08386355703632262,3.4649752949530455,1.5572749621301272,0.015043098409039009,0.013189044278766921,4.135743621859048,31.324098132075395,7.468688184293603,1.5219606918590074,0.13203073251849223,0.10693269400701372,25.243702726315945,elevators
91,0.34608398769401916,0.24158195373816574,1.2105463125675144,1.2716056654127255,0.2646196331155819,0.22997357604464452,2.2620836204282746,22.210152924684724,3.370780853968775,1.1613885538856714,0.10184907902701373,0.12753791056052283,10.88568737324014,eucalyptus
92,0.028714567132176842,0.10670248606883534,3.118774294785281,1.4302812886508618,0.008122832504610359,0.014534462747588005,1.5662478253027114,74.08900684470936,4.6638820361267435,1.4322112343816613,0.02114008396124905,0.022618989057848846,146.52894550949597,eye_movements
93,0.0007850940011452931,0.005761166978955211,0.10127750480167551,0.06658175235528756,0.007495382660828299,0.014763908239685479,2.704628358293916,578.9877096782412,2.801234557793106,0.06582492786900032,0.004671305302485521,0.00784132484109519,20.680771913535064,fabert
94,0.05639957098364508,0.15588287264909192,1.2850280583312426,1.1993868989700105,0.09609539939191988,0.16794562230840906,2.1832577137412583,15.200820365522958,3.324658147954719,1.197974798221743,0.1436276241177821,0.2468019758507469,7.946942248919003,fars
95,0.1144452595890104,0.10377555954148386,3.341600091789799,0.9714848026340446,0.016278056728940178,0.008552893606092416,2.3000070580673455,21.544737028958274,5.534852212213864,0.941902671975877,0.10675493764328182,0.037416613943088116,30.301597523813353,first-order-theorem-proving
96,0.008232867248641825,0.0014594898711975154,3.1699062466443007,0.0,0.015768664606638064,0.005801700803204242,0.9999740313334506,10.405104458631998,4.073776098023663,0.03722479750263275,0.09610417995408778,0.03722479750263275,31.98406217251604,fri_c0_1000_5
97,0.012621520917903317,0.002353067509589205,2.8073203201603487,0.0,0.020886408915533096,0.015812868299062286,0.9999884584088952,10.336284260106318,3.7105633298910923,0.0757982824995711,0.09674544867815094,0.0757982824995711,28.017595747575008,fri_c0_500_5
98,0.007828816956745876,0.0014033449489373425,3.169908846129988,5.25175416477543e-06,0.002977551512702797,0.007906907012199139,0.9936167534536142,53.67679319855334,4.1450144946117,0.051975314311008665,0.018511104971904196,0.05197479265267012,170.24363191398976,fri_c1_1000_50
99,0.010489465323655434,0.01923328708018355,3.1699072864385753,3.598824974717156e-06,0.005709646956934691,0.014673283499326171,0.9885173903891564,26.199821010606957,4.120694747680928,0.10096202187998468,0.03772992914680435,0.10096364540514498,83.01572327646579,fri_c2_1000_25
100,0.01215307744597467,0.002817579386363032,2.807320320160349,4.485978453382215e-16,0.005466058140720347,0.013384675349411483,0.9765004687578241,37.831431961608,3.758008906625459,0.06811448378456125,0.025811882292713476,0.06811448378456125,107.76077491461508,fri_c2_500_50
101,0.025137487352102205,0.04679111682382648,3.1699075463871447,4.1101477597444225e-06,0.011919022571395689,0.01824990425175983,0.9895875212220555,12.933459413379433,4.082981314436685,0.12097586534217196,0.07651375317251508,0.12097503578525969,40.42925180052237,fri_c3_1000_10
102,0.008200861457105137,0.001532119375494414,3.1699067665414384,2.59948568812618e-06,0.005166987251937997,0.011569561710854836,0.9906049558738161,29.769123214994654,4.127235466721743,0.07772304508165861,0.03327625569351166,0.07772286531001284,94.26032002331078,fri_c3_1000_25
103,0.03357297931082741,0.056422392189993564,2.807320320160349,4.681111291435602e-16,0.013498421513474145,0.021402747178168573,0.99440665256278,15.487283062009196,3.7375190255589104,0.10429288268370375,0.06420794716421833,0.10429288268370374,42.722318562534674,fri_c3_500_10
104,0.01176503622113038,0.0032962228970111174,2.807320320160349,4.485978453382215e-16,0.0045114592540764645,0.009544473891481,0.9881489563064276,47.708293700438844,3.7747569667264402,0.046747416265333575,0.020712309740336367,0.046747416265333575,134.53873784985015,fri_c3_500_50
105,0.01177475298585101,0.003299546361759545,2.8073203201603487,0.0,0.003135582884915401,0.0074586474644639,0.9873944843383377,69.23317044911575,3.7804529343873923,0.03667580020010871,0.01426187011129358,0.03667580020010871,195.84096813764342,fri_c4_500_100
106,0.0008335016604760492,5.9535334773878735e-05,5.087309517018416,3.1673487347070834e-05,0.001814849378625056,0.002333733676167798,0.9999967900153529,21.804052945123654,6.0414434212422075,0.059712308335923114,0.04586288579156088,0.05970556716637013,109.924322122672,fried
107,0.01070465217418768,0.02587519571726022,1.4675495875169022,1.0081538065273468,0.009791978184988512,0.01822282846358154,0.9997961696759701,69.35559907860763,2.4529302495343948,1.0059720362184357,0.014415507658477598,0.026929081800610977,100.80353146660448,gina
108,0.051433483642775356,0.04827828950138344,4.338335413447141,0.2917113665385919,0.04903504921008534,0.031809702602092996,2.575922876294277,3.409595907830226,6.158766159316636,0.4441359641089108,0.7554921304247822,0.36096342541276855,4.742396563426642,har
109,0.8492907293680384,0.02396317320971062,3.3219151520622443,1.0742467191165228e-05,0.000898947237293261,0.00015152284511476654,1.0,170.79916304709408,4.316060322435682,0.000991394718935549,0.005854829626561297,0.0009904572983986959,566.3803276856916,hill-valley
110,0.016304540882486403,0.07938470285305436,0.3485559514835076,0.25316079738098324,0.0026370998260905132,0.00564870643636911,0.219991095221991,181.02493035104618,0.5673317936749056,0.25321714645085674,0.0012152530305929745,0.0020082076796821596,285.81759494434834,hiva_agnostic
111,0.03456316543564973,0.061734151397053495,4.329584157893919,0.6851926832214139,0.11687625863274889,0.025701181012555908,9.083154612142412,8.439812658952624,12.336511728135424,0.5617974624273006,1.076227041900907,0.1409039387918863,3.0229282384939022,house_16H
112,0.29718263101519854,0.24161132382407957,0.9763112883171142,1.1872499179273093,0.49435632074126845,0.07096619529690686,8.84781349728865,14.977030207818366,9.233365911882595,0.45691963556145704,0.5907588737231685,0.7358505636132715,0.6526392268372709,house_prices_nominal
113,0.03588937255375778,0.09473728959235174,3.0850142125698854,1.798597237967558,0.22087950514957924,0.049576092243185224,10.162479501662476,10.056989891566946,12.237004530964514,1.1749319410862182,1.010489183267847,0.6364035934737937,2.052990832215718,house_sales
114,0.036986186013693724,0.06870043820578628,4.730744728139019,0.044691775002354606,0.004926419978083444,0.012230086526679172,0.9865690330331821,8.310345160116723,5.598597990163318,0.30415473637730944,0.11871577100888131,0.3080970027683406,38.84933667983426,houses
115,0.04605663313411034,0.08952377065117334,2.677291134401089,0.697060822916928,0.012177886518128449,0.008552863789426077,0.8640904272487623,15.940221636935382,3.4871733801747227,0.6868994474484641,0.054208181475128445,0.035286080284500344,48.389060129778954,ilpd
116,0.014280034452850551,0.025801861391023126,3.90251897154423,0.8837652705192912,0.07278076424766482,0.10485872511472105,4.70043827987653,10.347786981153666,8.148711499315755,0.9267698741132153,0.4542457521050054,0.23953282429509062,7.591206309491491,isolet
117,0.0038410904596867077,0.011877297006429607,5.391769100067439,0.16841332577415538,0.0018102810976054688,0.004009843489388313,1.599470411745189,36.21305885676174,6.947071179662845,0.1820111341042,0.04416833214978563,0.05841296698355148,121.07318768077157,jannis
118,0.06483158314433027,0.17249962451563258,0.6770872222693595,0.7968758048939331,0.05763062787765499,0.1255237421865986,1.0,36.90956409088755,1.6499939735510174,0.7781024963717811,0.02709324871834197,0.058332031005936764,23.99099422547195,jasmine
119,0.21562479387220077,0.21454998815378387,2.6779202038086853,1.8401283182795325,0.12361521157375555,0.21562420316302483,0.7086892115305542,21.570003506634784,3.353754102575261,1.8192581865525839,0.03285531276397643,0.022324191153147634,80.50645903285506,jm1
120,0.008456124393023828,0.01899785006753625,2.696970900319375,0.43688808056276845,0.015808716128626162,0.008983993868476413,1.3491090889091473,18.762078794662468,3.974173826607941,0.390365490868703,0.07190616262058065,0.0628066669417005,36.50681168386338,jungle_chess_2pcs_raw_endgame_complete
121,0.31883459196185326,0.1683500081968342,2.6382556617113027,0.9806911640767549,0.02467666650781884,0.011062071149875173,0.6211733422333799,6.886717397147575,3.1692302479320333,0.9501428625482438,0.0901987560126491,0.03206763346121169,28.24935751155287,kc1
122,0.4133318252447109,0.17926763563956377,2.474947603100613,0.6779439188401618,0.05704076634495302,0.02560585310213719,0.7317786193052257,4.143978470526875,3.0301378003110235,0.6450536563049707,0.176588422094815,0.03985638045153878,13.015344685348328,kc2
123,0.2756349798441327,0.24991919206564156,1.5698920741943434,1.6786266061857593,0.2609702740613947,0.25576825588710345,0.9344102044538426,12.38659095288544,2.428865041073454,1.5985207035882345,0.07543723757473181,0.11201828561868855,19.810572134738255,kdd_el_nino-small
124,0.0046691078721089125,0.01858849362846521,0.9175291842740986,0.9137656733404165,0.011530756216645965,0.025372977409824592,0.8394472850826536,44.63110226588864,1.7381678977001156,0.8937793924012253,0.018808571656636845,0.051188601017616034,47.78250199027403,kdd_internet_usage
125,0.34018928200272885,0.23261391437185305,0.857501876499121,1.745545181315275,0.3712119025385542,0.2219814141684326,0.5378879336854765,306.68881353733514,1.3936359544521966,1.7429109433102836,0.001753855732400217,0.004779440530214148,487.9238382940413,kick
126,0.0023496220934710274,0.00017384416692172686,4.321927062823218,0.0,0.0021824727984090905,0.0036814062873530644,0.9997770990046065,31.6259020638722,5.290091558431234,0.0548693165072822,0.031612603396590555,0.054869316507282204,135.71531599606698,kin8nm
127,0.00855725747248129,0.025022888543645063,2.5745635363009547,0.6396532113920068,0.057697239568962146,0.05049279419130914,3.5041590205347397,19.998405503403546,5.903500636271159,0.6897968572646075,0.1752219205645352,0.11413746730667336,13.693158983796943,kr-vs-k
128,0.00855725747248129,0.02502288854364506,2.5745635363009542,0.6396532113920069,0.057697239568962146,0.050492794191309184,3.5041590205347397,19.998405503403546,5.903500636271159,0.6897968572646075,0.1752219205645352,0.11413746730667337,13.693158983796943,kropt
129,0.1062651022438811,0.2881658916604838,4.724639186846224,1.7617100089826618,0.005424665244997558,0.002783412055255667,2.7112560463465942,13.975370672302866,7.241892790615755,1.6342965813836359,0.1940024425770621,0.13531153333334112,23.353503616169636,ldpa
130,0.006115052992860231,0.02490971273316882,0.9650150718316745,0.07728826620798476,0.16254849156581094,0.25924460428297863,3.3206944949388277,27.80256844544378,4.166271159435765,0.2429476502364754,0.1194384073347373,0.19561148471578338,7.079604319631703,led24
131,0.02711430130270353,0.025612619874773264,2.974428183442268,0.2553794347937495,0.09957661787136562,0.07452333278406463,4.699810726573159,9.49101886761155,7.17905385221184,0.4191419398205274,0.4951850578035869,0.3199190034558556,5.006700195348105,letter
132,0.004043361388902472,0.0005019797461642704,3.7407670941556637,0.26021115929251515,0.0004604730139441977,0.0006771183736149635,0.9999762953997441,234.05050786560267,4.736470908779703,0.25957743474534395,0.00427248077570485,0.006496537862103391,874.549192737686,madeline
133,0.004225848121960623,0.0013365181156378566,3.6116386370003495,0.32826613239648234,0.00045761274331996925,0.000527717739306322,1.0,257.5732319544539,4.607756245990957,0.32766329758987184,0.003882391009391953,0.004694202671250744,929.2614363837587,madelon
134,0.16955697755149302,0.09357058137055639,2.949997988290906,0.9076330415000674,0.010842222920192999,0.011729078674261437,0.15931642036999769,5.389886523289459,3.079756008928071,0.918778500134935,0.029558399732832696,0.012898558955531807,98.80235787305243,mammography
135,0.2420644781388722,0.2009341185825841,2.1235224248691895,1.1482142583410933,0.005855832182244283,0.006680029497521377,0.06148143263412651,5.561418472637915,2.1739488662386575,1.1450098634777948,0.01105499126465921,0.004969990423387637,191.08720966227295,mc1
136,0.31673602934339085,0.1435369379781121,2.2617390663960584,1.1457639653134744,0.082642576581367,0.1747229745698213,0.4761588445580706,10.7288529503924,2.6935167597947536,1.126392672789915,0.04438115115937492,0.027319911557796738,49.96170350052529,meta
137,0.02647368560372054,0.03180666947478738,3.523879817135029,0.12535018728933073,0.08737298197079488,0.028597519121941754,3.321928094887362,5.325986629329066,6.222087214603774,0.1861394653532625,0.6237206974186185,0.1800555086952549,4.6497721363412285,mfeat-factors
138,0.00753685184833662,0.012674756022372995,0.44992447687438963,0.32322597680552984,0.19320965917305996,0.15056492409467828,4.199893218280201,30.72586356693183,4.5131285111669275,0.2316230517158982,0.13668918398766383,0.12686722462115918,2.2915879936410715,micro-mass
139,0.0526709656792277,0.10262686584137058,2.9555409993462822,1.8593545435915462,0.007808297045777725,0.007069499247962385,1.752823214395532,53.32284838160498,4.675492316092021,1.8472466512947154,0.03287189764979268,0.02018620769264405,88.91087252807027,microaggregation2
140,0.011168987774921285,0.02244535849371777,1.3947697262516587,1.3264618489192943,0.07078515671420695,0.04584939141904932,3.319837025403414,27.534324742742577,4.594035898495566,1.2429359068184713,0.12057085315950766,0.10189674088090132,10.568050566968004,mnist_784
141,0.03652190494997907,0.04648072745587384,3.7272563836517847,1.5602690625258941,0.04271739442239323,0.07040381506259737,0.9134838311406802,5.295555254232825,4.468240110972282,1.544904938063577,0.17250010382018344,0.2538944401117869,20.607270379020353,mozilla4
142,0.04354515349374265,0.050226638277422124,2.7954978628536145,0.02551363274155692,0.004334879535400174,0.003713216214827445,0.9999884584088952,53.88698102402672,3.7769291774142943,0.03151765602248202,0.01855714384821499,0.016051588667898138,149.64267894450327,no2
143,0.0679708052953221,0.14024279072734125,1.5103249090653537,1.1571750043380553,0.04170644468765049,0.054036489912894614,0.8629999927875766,9.97713178188104,2.286827097508517,1.1075937869129775,0.08649780434441358,0.08706008862757623,16.460846786949652,nomao
144,0.004373168561837482,0.006827405747409187,5.491607970533,5.262887852414792e-05,2.0217725130925235e-05,9.417696934440141e-06,0.9999228673926669,1568.9056548534588,6.490893500132728,0.00032610479725806465,0.000637337792938265,0.00029824738326882116,8615.479410730532,numerai28_6
145,0.22059852823690723,0.2547875395144834,2.1536508894954105,2.588345063337766,0.23248224012818877,0.2382218920285052,6.795933499375875,26.038739376726138,8.688591204790715,2.3754465264096587,0.26099318408057015,0.921609584937695,7.251751466546214,nyc-taxi-green-dec-2016
146,0.458333326201463,0.13871917586794383,0.3534207588697958,1.0660447007886837,0.397950769490011,0.20322603053535154,1.1236390963644232,150.78773069674762,1.4696080613039542,1.0432785732592138,0.007451793930264773,0.02332012918170956,46.42760765758833,okcupid-stem
147,0.046006340398304965,0.09064387807976156,2.2523735324129204,1.3545535967214977,0.107309338044223,0.060644235697344194,3.3218327248667654,10.275019187853061,5.250914138390628,1.1940188839846038,0.32329211888906007,0.20021927315301893,5.966991772496126,optdigits
148,0.04412315455073973,0.05408376733542276,3.614843890985275,0.2725524388024551,0.0033501037798823858,0.001951740864958789,0.33979042531608006,11.949715417766281,3.926199293923258,0.27072288520462506,0.028435022378097426,0.014755431993795696,126.12646548749234,ozone-level-8hr
149,0.08877810838567161,0.09171506810388738,3.991805723674792,0.2582621097543107,0.028046075686615046,0.015634035731032163,0.6354628258660036,3.912270348257787,4.46484040186716,0.30675770509161143,0.1624281476736361,0.06804148253646408,23.575824946889465,page-blocks
150,6.704039285139284e-05,9.247984438661268e-05,0.9998725498392653,0.00017412935489381816,3.9777302785782445e-05,6.165419635892244e-05,0.9999429024267611,34840.7456579954,1.9997867518784909,0.00017708235417564523,2.8700387535973702e-05,4.447519292809856e-05,34837.29438142614,parity5_plus_5
151,0.22161394172625293,0.23925059820052644,1.6080275128972221,1.6636654047773032,0.20133963066580673,0.24536388796872866,0.9999998093199087,40.07715780252254,2.5830754577598922,1.6396352257059423,0.0249518644572387,0.03378406999158167,63.4451846735935,pbcseq
152,0.22132284142122347,0.18538024449189117,2.9376186363236885,0.6653433284693523,0.006607209615140497,0.004253453718994713,0.36380010531923423,11.41204571808613,3.2695401359742933,0.6576857987520683,0.03187860566862904,0.013922682950797044,91.15016073348929,pc1
153,0.26256736041943607,0.18991464032126,2.254791861819429,1.124289949634701,0.0022309173974510276,0.0019148540611457427,0.03853718088787195,6.590332979161392,2.2874815110257116,1.1222655999795734,0.005847531681589742,0.0026366774687483145,384.5972031615277,pc2
154,0.19049325244259616,0.1918708266123631,2.8956659163709317,0.6882030391142526,0.008790190692814889,0.0070627591172928075,0.4764549714253225,11.836604566330902,3.3318682149325687,0.6767649115064714,0.04025267286368539,0.02119051524255548,70.93723324105774,pc3
155,0.16023510903894264,0.15608533112489636,2.77851328667429,0.8265616015405456,0.016753399113700523,0.024325222997438587,0.5353247216329435,10.728397465204052,3.263940088010266,0.8294084765506509,0.04989792029696784,0.036710714458153035,54.683949754577895,pc4
156,0.044625558158018434,0.03727384903006559,3.9133347730224415,0.42575158794558804,0.10799985054151078,0.05937544240581332,3.320771738890595,4.579692444105344,6.508998487865513,0.544633774483296,0.7251080240475225,0.24208528742544505,4.396899004341962,pendigits
157,0.004375169271089662,0.006838196718950201,4.063183723099334,0.14422524879937165,0.0016963175428847896,0.003854067328515676,1.0,55.434124636233555,5.045144293297526,0.1526768402539495,0.01803942980180781,0.03467884280919854,224.23903292620395,philippine
158,0.057846174779953574,0.026967389402486167,4.025713145672159,0.13807485858125956,0.01076695956540087,0.004208182014889237,0.8731822577241407,6.015372460973914,4.75373693425925,0.16057807461615423,0.14515846913704972,0.05517552157804449,26.73322954977796,phoneme
159,0.0392193807050729,0.04818728215232304,2.7881557773157093,0.03816938693513213,0.0031870629645566815,0.0023000911548466175,0.9998153271549208,68.99299463247922,3.773479555981094,0.04298140485481356,0.014491548489536741,0.011040856699905238,191.39874740293124,pm10
160,0.027769447859200366,0.062348969235880396,1.5351739865723053,1.2242886452613937,0.009762239684828236,0.008425887151669545,1.8914102162679103,32.38859781789947,3.368186793143688,1.1559693016208918,0.05839740969652682,0.10388394744722695,25.288391806248377,pol
161,0.024549962551800003,0.03866670590207261,3.9068872825814536,1.307374018974085e-06,0.0002314119011642596,0.00011881593623066382,1.0,427.29725258251665,4.90454699138146,0.0012022923356429242,0.0023402911999928834,0.0012023022450837373,1668.4022019966294,pollen
162,0.10002794076001524,0.2101990401655439,1.507918396261032,1.5827750598179111,0.11415178683784168,0.2115951401132823,0.22576007943036916,1024.6327865534615,1.7334581430196447,1.582547800818611,0.0002203326717562437,0.0004159312095623431,6842.8256761541825,porto-seguro
163,0.002320867545485214,0.0001886317552797478,4.321927062823218,0.0,0.00028113808862113973,0.0009423853344298655,0.9999559719934967,256.3473082128486,5.317982248890914,0.013184442394079983,0.0039007859258003985,0.013184442394079983,1106.9631502557797,puma32H
164,0.0022502962580412877,0.00018590340660371225,4.321927062823218,0.0,0.0023367233652107577,0.00421251181313668,0.9999860693604422,29.670358823917894,5.2882099311103286,0.061131357146827124,0.03370320107333291,0.06113135714682713,127.23491315912037,puma8NH
165,0.04756129838180429,0.11668782249463543,1.9212987443485579,1.230539343046578,0.023724398633945258,0.018057750531616356,0.9223486063040568,13.698431907517794,2.7763149280416832,1.2028740578852042,0.0673324226109315,0.05327418354467013,27.534525713569565,qsar-biodeg
166,0.0765111679318123,0.06755887195152711,3.5843430187742285,0.0010634923697869212,0.0048608766637802635,0.000594950176283595,2.5898923943940564,68.60936728049558,6.136487034236208,0.005003329555231208,0.03774837893207502,0.005106201853168044,93.95356145555144,quake
167,0.003596722737703291,0.00023411506162534105,4.247901609422612,1.401933574855642e-05,0.008107276324013438,0.000488904019061593,0.9999317106546881,8.364004151436461,5.128281524962164,0.008030519954141314,0.11955179511513711,0.008026434862458728,34.53189314582497,ringnorm
168,0.05785827558796089,0.053392295207118044,2.8072429984064016,0.00011081724701497744,0.03668659746473888,0.03098775160693283,0.9885202681730657,5.501054044437776,3.6160667465693472,0.164831007704307,0.17969652001012024,0.16480071198208304,14.622133351543491,rmftsa_ladata
169,0.004576561641296887,0.0054458336735066035,4.391050054662313,0.0030873998314682734,0.005079481086587715,0.003519262409863458,3.3214312580666014,45.598983578701386,7.639641284346835,0.051944414714218276,0.07284002838207984,0.05030844790374883,59.28347533898823,robert
170,0.11522347592530793,0.04388803045515937,4.08936983564161,0.06784721313661382,0.09029382973843608,0.02375722740180403,2.4833618760456604,2.8062258776127322,5.687784460698954,0.1929911620835515,0.8849472509883154,0.14856322064016583,3.6210323056821436,satimage
171,0.13212125170841296,0.172722055423815,3.287426894334815,1.1266335726529142,0.13102591734814012,0.07328620384162758,2.8073549220576037,2.937047682615968,5.138939342783972,0.8763015705247094,0.955842473608447,0.561987642376263,2.4392977766768316,segment
172,0.02183568374396244,0.0655486138683135,0.8750074779214245,0.1174695412734803,0.1883287682202255,0.10191639496024316,3.3218194896867796,22.3912465208841,4.048473481053154,0.1283509978723011,0.14835348655504957,0.07724714811776766,4.898125472074668,semeion
173,0.002798800056323121,0.010901896733905982,1.750543055795941,0.5155863744030404,0.027716528070626703,0.014264970814019888,2.7607010271813515,50.50772650311819,4.456585098732359,0.4923056924072584,0.054658984244933574,0.03151933208548385,31.026629839141247,sensory
174,0.0600991615735922,0.07766594756087007,3.7266614114106136,1.0334917339757688,0.0364987420298695,0.039993132140450506,0.9603013611073696,3.0419208693629782,4.371273639779804,0.9512435134089718,0.3156891327381801,0.27029058667554756,10.804845415763351,shuttle
175,0.03410803999391764,0.08066626821544266,2.3235046751740507,1.2102820310640119,0.40603099230625556,0.09111004803199227,6.916657486118713,6.2414862268733975,8.131987403758526,0.6349293783797365,1.108174757534238,0.6380024231985281,1.0966951822147635,socmob
176,0.13021830910200005,0.1682803092981244,1.144816889415292,0.52324546231749,0.6081874746857733,0.23722611353272888,3.835507984576721,5.689333542116873,4.30616717938977,0.47136479683314114,0.6741576946022425,0.29522707950766225,0.6981440671544087,soybean
177,0.19539433364007844,0.21941505231559533,3.80735325218299,1.0801054215229396e-06,0.9994833805965824,0.00028296481066221403,11.600019110608486,3.0557758870989096,11.61127620286618,0.000525459304417035,3.796096159925296,0.0005251187448339713,0.0029654391731519466,space_ga
178,0.026721420461601128,0.031246051761781583,1.1300979537647549,0.9933147378164653,0.04775422066942499,0.04069657302270907,0.9673602371807668,12.44991257369551,2.0197580278757323,0.9496613437367313,0.07770016306978975,0.0695379220343583,13.544344684961715,spambase
179,0.003060812346140811,0.002408052112314331,1.9756401263824095,0.058853540083351946,0.02817958228480198,0.051764813340911243,1.4801700696136335,26.51300924570555,3.3999821285029737,0.14799177467789099,0.05582806749306981,0.09215628944656107,34.38793684068779,splice
180,0.10800647393350614,0.14068232066962075,3.183745548386633,0.8358552165012322,0.1027910588231827,0.08897518009084103,2.4106904422724416,5.786379412398469,5.177821339171296,0.8161419754669228,0.41661465148777793,0.16520552054427595,6.641943309043786,steel-plates-fault
181,0.007326188626413741,0.01726304465266089,4.072083740074429,0.02965051076451399,0.003438559950608139,0.009973900190026455,1.0,20.879259589318426,5.024189321418339,0.14688720767684435,0.04789441865609008,0.14776295666042863,84.02209347845667,sylvine
182,0.09023478795605924,0.06846261113280347,2.9999989313053406,5.803663949711227e-06,0.15810065255820838,0.06774298132442808,2.584962500721156,3.0699667795830714,4.742944991356015,0.345708363230055,0.8420164406704808,0.34570820969120963,2.5628745311867087,synthetic_control
183,0.0007930659836682845,1.0518128615806526e-08,5.1292829209222806,1.7035957875494995e-08,0.0004068237332509031,1.4063034642568544e-05,4.245430965696704,426.1388098333739,9.364751332475285,0.0003434641725059969,0.00996255414369962,0.0003434471365481214,513.8562152774919,tamilnadu-electricity
184,0.5946324218272616,0.19476083915282938,2.5849031063714807,0.0001393133588581724,0.7904530786813274,0.022072567857283325,7.100436949685039,3.225127049325422,7.483740912490938,0.040097913495550606,2.2015991435655815,0.040078037663459645,0.17410252176294116,tecator
185,0.10064063883072577,0.05174645392401436,4.087303708712471,0.00010204198279538501,0.12317800264073109,0.03235300287034646,3.4594316186372978,2.8446774384913396,6.3306285126270465,0.261169261584153,1.216106814722723,0.26123819821334576,2.360974265771541,texture
186,0.1320708095560165,0.0867525652362779,2.7258281314431043,0.9442378042554238,0.059652727643614734,0.0426913895217314,0.9433390515199497,3.0829991435845265,3.3631862184587464,0.8602729776450463,0.30598096450430823,0.18497970875613876,7.908489244940349,tokyo1
187,0.07801167412685639,0.10312729936942867,3.587604084850292,1.5138300613283495,0.15258970825617324,0.027026653686029235,9.71919635486444,7.957575383205463,12.08542384108685,0.9919944528226696,1.2213765986278804,0.5232113206167662,1.9373447050489423,topo_2_1
188,0.004054056345452543,0.0003051753267501468,4.247925676851625,7.103106444510363e-07,0.00945551367831253,0.00047185329978266635,0.999999525775866,7.57110269546268,5.115844108763165,0.006948962615902845,0.1320810938643271,0.006949081780028568,31.161496793894432,twonorm
189,0.17561910365153713,0.2307297791465296,2.7108612661772526,1.4464577397125036,0.15777272258422118,0.17338259351099214,5.853520495442744,14.895369388130533,8.171405908325134,1.2475610062596194,0.39297585329486073,0.23028929934900844,5.898289661943219,us_crime
190,0.1705539965718424,0.18116062045381956,3.0929297541798166,0.15781184371987997,0.04526094413507489,0.026507950460239123,1.999066765534363,7.738272393698143,4.833661498170824,0.22519095621146806,0.2583350215433555,0.12855558816748988,10.972553065789961,vehicle
191,0.045404196982676066,0.08614958014109042,3.440840654882235,1.7620572546671343,0.07602863998196004,0.12375761424275405,0.992759369358745,4.061441068432542,4.189164772656279,1.7833982618098605,0.24443525158470097,0.23276461880939428,13.076695699883228,visualizing_soil
192,0.006106099392552549,0.0013973801860423351,3.4593632555534484,5.3464447059222685e-05,0.01823423716875734,0.024443553342837723,0.6339150791458084,6.464437826509246,3.9952164310722686,0.11359923349533801,0.09806190362698845,0.1136515210840553,34.27734143028983,volcanoes-a2
193,0.00721854634825075,0.0011986727331395194,3.4593921329046426,3.089950142297904e-05,0.01804712967574499,0.024068091444569537,0.6665837592340826,6.576114531090602,4.024611514118451,0.11676977408483949,0.10136437802027369,0.11679727073461117,33.12828254332835,volcanoes-a3
194,0.006690920445168005,0.0009697238959793047,3.459366476449263,5.542756162168618e-05,0.017413656981135884,0.022887985327309644,0.6615677051184635,6.958942530244399,4.025866906296633,0.1068694066037421,0.09506727527109342,0.10691910536011583,35.38861497381248,volcanoes-a4
195,0.001924499219990057,0.0002257360356179648,4.392267315468275,4.375586827844401e-05,0.0048262258417492414,0.007592790489679233,0.294800780949217,8.621367735991607,4.652873895453472,0.04699310069073639,0.034194200964020226,0.04703584907255131,127.45064928085031,volcanoes-b1
196,0.0019571023667983817,0.00024791880949456726,4.45937703419943,5.331882937695227e-05,0.004408551876887429,0.00687518442832325,0.28237332059040554,8.755872693222924,4.709500762946298,0.04295986091776651,0.03224959184353645,0.04300623672023125,137.2770069101879,volcanoes-b2
197,0.0020063406565605153,0.00024539928946762846,4.392245597215582,6.162147595479288e-05,0.004818670438966697,0.007531207829650559,0.3023227434046315,8.786896740490446,4.660162252517288,0.04666036381670296,0.034406088102926446,0.04672196341513286,126.65896500863738,volcanoes-b5
198,0.0019648632101566476,0.00023530917530519772,4.392257761714654,6.475371656058417e-05,0.00478308103295983,0.007499927365627418,0.29519016963717026,8.731512582681411,4.653640481973274,0.04615170623266441,0.03380744937854955,0.04620036034582216,128.91982070382076,volcanoes-b6
199,0.0021280760454138845,0.00021868252989844106,4.321851294684208,6.58362729772095e-05,0.0031037229833719942,0.0044976938074075545,0.4099615538146891,13.924645170372143,4.702371412196666,0.03842963916778755,0.029441436302231654,0.03849535660298675,145.79485234069958,volcanoes-d1
200,0.0021235871209413417,0.00024453396951379234,4.321855439252164,7.862398336814292e-05,0.003134335302002151,0.004596276966263652,0.4159970675013268,13.969880794308382,4.708074366651478,0.03961688983375569,0.02977814010201237,0.039678396965751574,144.13517044538645,volcanoes-d4
201,0.009015824261576712,0.0009870796928269027,3.32182790815718,7.805985821780104e-05,0.009943311867003047,0.009716741807735605,0.5669386512128634,9.681345041021919,3.830206653818632,0.045712667108650656,0.05855990555141085,0.045790636739095544,55.725294839160625,volcanoes-e1
202,0.02451251780424193,0.07334390380865975,4.309127240600844,1.4317347511884817,0.0235069071205811,0.01876140907060113,2.9612796651381568,12.321789664844633,7.0300782079048725,1.3476692156351717,0.2403286978341304,0.13556600396516158,16.930140176496565,volkert
203,0.09347879393173439,0.05215251928963411,3.7917389969817297,0.28195381546567305,0.03795765851200781,0.016536410571679358,1.714632742265977,4.85880602957731,5.153479952288444,0.2879205565891512,0.3528917869592627,0.1335140498959101,9.744764080948823,wall-robot-navigation
204,0.004014948649454243,0.003173538707766023,4.0871452695283015,0.00019025479098752905,0.009164841899658627,0.010615831986917144,1.5848792049207137,12.666623836242538,5.546902008872516,0.14773650206899772,0.12512246557649861,0.14785603325011823,31.665159295709863,waveform-5000
205,0.039173269308082646,0.06424084493405295,3.9999866263635697,1.3826772155693619e-05,0.001798560548162418,0.0010886167017027902,0.3028903171988337,13.88359361222937,4.281060522997341,0.009725645810381647,0.02181642056506412,0.00971490323995502,182.34752093883708,wilt
206,0.04093533766715244,0.036808078740423814,4.107840607417649,0.16204567625288424,0.016841913723101405,0.009332889186907228,0.9969402925875559,4.256244448573624,4.870550863494578,0.14060067105902382,0.23423003651062757,0.14043821408547505,16.537633809109135,wind
207,0.023431967373482715,0.021466258780195025,3.444973601349707,0.011283712393959196,0.01348268369991517,0.009273194055491743,1.7090616375059242,17.383102068472343,5.055717825152719,0.06699237619599958,0.09831741370291104,0.06593604270440726,34.039302516230705,wine-quality-red
208,0.014633848638978883,0.01727251430833603,3.9733241316799823,0.022444422266601732,0.0076685451118808055,0.004828071123126454,1.8617149332355556,22.746153192767682,5.75319160185407,0.057470336323647085,0.08184746306146846,0.054202234915506756,47.545476952608375,wine-quality-white
209,0.0179931461875664,0.012848246379249837,4.145629447694327,0.01695314661755338,0.005829534751607254,0.004403968625228881,1.8376039948582685,25.534009227876044,5.911266522729753,0.06056841728190918,0.07196691982284222,0.056946767929441,56.6046530530894,wine_quality
210,0.0004340275688708585,0.0007955343866786535,0.6453036529387116,1.0326609255122918,0.15511701674539816,0.04897545762952075,9.71919635486444,51.76480041488386,10.176743148374213,0.7216737812037354,0.18775685942893916,0.3170943528061547,2.4369111994171453,yprop_4_1
