,leaves,leaves_branch.mean,leaves_branch.sd,leaves_corrob.mean,leaves_corrob.sd,leaves_homo.mean,leaves_homo.sd,leaves_per_class.mean,leaves_per_class.sd,nodes,nodes_per_attr,nodes_per_inst,nodes_per_level.mean,nodes_per_level.sd,nodes_repeated.mean,nodes_repeated.sd,tree_depth.mean,tree_depth.sd,tree_imbalance.mean,tree_imbalance.sd,tree_shape.mean,tree_shape.sd,var_importance.mean,var_importance.sd,dataset
0,4303.0,14.189867534278411,1.9130250545275778,0.000232396002788752,0.003099127568751706,9988610.837726979,10653526.0185647,0.5,0.12176763301399762,4302.0,430.2,0.10552394034536891,239.0,279.8560554369083,430.2,231.1174785447628,13.191632771644393,2.373410490131745,0.06246681380084167,0.040331762469530866,0.0020357682043913765,0.008897090753176384,0.09999999999999998,0.1116718425785674,2dplanes
1,475.0,17.623157894736842,9.90626376272205,0.002105263157894737,0.03288579072220501,5035588163388.485,24944978442535.848,0.5,0.04317072979875767,474.0,2.804733727810651,0.006236842105263158,10.772727272727273,8.335588137516673,3.3380281690140845,1.9889315137974874,16.64278187565859,9.988490373040833,0.02118066760935352,0.055977323757213086,0.013710300109049202,0.030000513748610885,,,APSFailure
2,,,,,,,,,,,,,,,,,,,,,,,,,Allstate_Claims_Severity
3,2634.0,16.403948367501897,4.4985628349016835,0.00037965072133637056,0.0013118341297595445,549496376.7249753,2790436859.6361947,0.5,0.15248164453832916,2633.0,329.125,0.08035033110561811,90.79310344827586,78.1872200510438,329.125,369.4170842595901,15.407252705524966,4.7095559243606795,0.03552757940888739,0.05031139844506771,0.0029273460744317953,0.012019630465354076,0.12499999999999999,0.11631940134102357,Amazon_employee_access
4,86.0,7.662790697674419,1.968041517473827,0.011627906976744186,0.026233345768703363,4363.17113997114,5770.4754774102585,0.5,0.01644434374852439,85.0,6.071428571428571,0.12318840579710146,7.083333333333333,5.160308893737649,7.083333333333333,6.302356461649641,6.713450292397661,2.332581332454373,0.08757871057960687,0.08577076987953802,0.06143827216569767,0.06818255229123511,0.07142857142857142,0.13199417881380787,Australian
5,435.0,15.108045977011495,6.529959640082552,0.0022988505747126436,0.007534640741178254,1885822182.5720134,8364862693.353901,0.5,0.0016255328303138926,434.0,0.2450592885375494,0.11570247933884298,13.5625,9.339259831140174,1.6194029850746268,1.1533684659588233,14.126582278481013,6.659084431933647,0.029919858814285043,0.07330061860778352,0.014568905439227819,0.032257878772621575,0.000564652738565782,0.005569331353958486,Bioresponse
6,9470.0,22.196832101372756,5.493350899427345,0.00010559662090813094,6.364141533512351e-05,1727849309434.4956,22848084485370.14,0.0001738828029907842,9.674115658435873e-05,9469.0,789.0833333333334,0.8856154133931912,225.45238095238096,243.1575021418244,789.0833333333334,338.10231327576605,21.198056919583927,5.669973087157907,0.022880263634339353,0.04567834547319077,0.0006409734786444717,0.007889015249470452,0.08333333333333333,0.039365042911249155,Brazilian_houses
7,,,,,,,,,,,,,,,,,,,,,,,,,Buzzinsocialmedia_Twitter
8,772.0,15.742227979274611,4.805652660565695,0.0012953367875647669,0.018490344055936855,321520259.46722627,2994295746.453574,0.5,0.2747824279222335,771.0,70.0909090909091,0.019300090117152297,24.870967741935484,21.914594734231144,70.0909090909091,47.3486104240759,14.753078418664938,4.991362375558886,0.02863277128942073,0.06861454190032339,0.005128338651905329,0.025098449408879734,,,Click_prediction_small
9,31194.0,21.867763031352183,7.102659886707015,3.2057446944925306e-05,8.635361638224526e-05,8.538923322470013e+28,6.947363552052735e+30,0.3333333333333333,0.09918028554378878,31193.0,779.825,0.3065169113456361,308.84158415841586,615.7238460977984,799.8205128205128,797.9476262919725,20.868129578277525,7.241507242816605,0.009826189413012405,0.028492322126045938,0.0003466877838673978,0.002010343967669956,,,Diabetes130US
10,5686.0,17.804080196975026,5.953554407754371,0.00017587055926837847,0.0017335902242942736,205854080207831.53,5728598063833064.0,0.1,0.0609146158691018,5685.0,7.260536398467433,0.08121428571428571,111.47058823529412,155.9724787186735,7.692828146143437,4.362204010998323,16.80573388444288,6.116689010075212,0.019753821117264637,0.045668974904051196,0.0016757764118871458,0.005350131951270125,0.001277139208173691,0.0060490920226245,Fashion-MNIST
11,216.0,9.86111111111111,2.4569155680501376,0.00462962962962963,0.006665838934402561,69007.71323839559,194737.87556902037,0.5,0.032736425054932745,215.0,0.215,0.134375,12.647058823529411,11.815991158545419,1.0913705583756346,0.32226343917796363,8.88631090487239,2.7867749278444074,0.06002631568142659,0.06805050722756223,0.026613376758716726,0.04919467604959988,0.001,0.0022893849567392267,GAMETES_Epistasis_2-Way_1000atts_0_4H_EDM-1_EDM-1_1
12,566.0,11.89399293286219,2.9309576120858134,0.0017667844522968198,0.0017236142556063762,940511.4935304807,3014258.4999380615,0.5,0.01998888427382465,565.0,28.25,0.353125,28.25,25.12887833381724,28.25,9.640239132216369,10.905393457117595,3.231876232503751,0.05105860875564729,0.05641637978722692,0.011800597497515459,0.028151549133276475,0.05,0.018764996022860702,GAMETES_Epistasis_2-Way_20atts_0_1H_EDM-1_1
13,569.0,13.652021089630932,3.61995160260303,0.0017574692442882249,0.0018429774906880178,4573780.792452267,13681117.419185607,0.5,0.006213592101815039,568.0,28.4,0.355,25.818181818181817,20.49305657937263,28.4,14.463747785411636,12.664907651715039,3.8622096745010306,0.044703582881004345,0.06607472063464837,0.009631097421495273,0.03462540933743291,0.05,0.02998316134097066,GAMETES_Epistasis_2-Way_20atts_0_4H_EDM-1_1
14,558.0,13.188172043010752,3.9633060967213427,0.0017921146953405018,0.0017836016477366223,6868452.269266678,29187026.615863916,0.5,0.007603298722435988,557.0,27.85,0.348125,23.208333333333332,18.25895650779702,27.85,12.786814755010232,12.200896860986546,4.186731960503496,0.042251024830992766,0.06818407158004033,0.010778726001794192,0.029386421770183944,0.05,0.02240820495209802,GAMETES_Epistasis_3-Way_20atts_0_2H_EDM-1_1
15,588.0,13.653061224489797,3.944509584214364,0.0017006802721088435,0.0017301476672269421,10618821.025092104,57910912.873482876,0.5,0.007215375318230045,587.0,29.35,0.366875,23.48,19.73811878911801,29.35,15.482672827865892,12.665531914893617,4.1686705730121485,0.03966053802168727,0.057260334887857874,0.010273176897950724,0.03107524930126051,0.049999999999999996,0.027872777258397187,GAMETES_Heterogeneity_20atts_1600_Het_0_4_0_2_50_EDM-2_001
16,521.0,13.293666026871401,4.062508958070283,0.0019193857965451055,0.002033444147941584,7391096.482894812,28847912.88433041,0.5,0.01764373926185245,520.0,26.0,0.325,21.666666666666668,16.62545629754111,26.0,10.80448250057647,12.307396733909702,4.278932406969337,0.04124851869279701,0.0594337785633712,0.011391276132579958,0.03327223814719885,0.05,0.02754110008064166,GAMETES_Heterogeneity_20atts_1600_Het_0_4_0_2_75_EDM-2_001
17,2220.0,14.632432432432433,3.7308057589514325,0.00045045045045045046,0.000979921602482211,97564800.16772678,818812249.228603,0.2,0.0450788161694027,2219.0,69.34375,0.22475438063405245,79.25,81.04394098493958,69.34375,11.882786072243734,13.635954043703537,3.98299963659841,0.038077325197553906,0.05565946282419673,0.0038417684635869017,0.010660972447301693,0.031249999999999997,0.016895786604928957,GesturePhaseSegmentationProcessed
18,609.0,13.673234811165846,5.28247688605269,0.0016420361247947454,0.006655150628447146,462427810.04715425,3359858492.6282425,0.125,0.18405551353630945,608.0,2.7636363636363637,0.06649168853893263,19.612903225806452,17.723200274131905,3.134020618556701,2.1115466716894824,12.685291700903862,5.452430855868912,0.0333222405610713,0.059066239841025034,0.01154682236113425,0.024651003331139676,0.004545454545454545,0.018605197462447893,Indian_pines
19,182.0,33.60989010989011,26.101089306220207,0.005494505494505495,0.026955298567117925,6.36772971935428e+26,4.3163202844394205e+27,0.5,0.19426010472157898,181.0,0.2517385257301808,0.055199756023177796,1.925531914893617,1.431138817926056,1.4251968503937007,1.6208937620727986,32.705234159779614,26.075933531600842,0.009411902268452475,0.03814721041762649,0.02337049642216828,0.06377840131766349,0.001390820584144645,0.016486387016299953,Internet-Advertisements
20,8032.0,15.611180278884461,3.584452863386738,0.0001245019920318725,0.0009573329231086368,5700848683.386273,97151534309.7571,0.1,0.015617025759258957,8031.0,10.243622448979592,0.11472857142857143,236.2058823529412,315.59859232813585,10.539370078740157,5.8535925038027115,14.612214405777252,3.8511357597621374,0.03314096498410392,0.060525033424690795,0.001402556537934027,0.002645924358077626,0.0012755102040816326,0.0031366248826997746,Kuzushiji-MNIST
21,71.0,6.380281690140845,0.7628180307835749,0.014084507042253525,0.019849250780299883,1001.7904761904759,336.51516931601486,0.1,0.01812230898180167,70.0,10.0,0.14,10.0,8.286535263104035,10.0,4.618802153517006,5.432624113475177,1.4847075928517135,0.20326962318968717,0.09788479484504628,0.08296654929577464,0.03951448766719754,0.14285714285714285,0.031182526079178048,LED-display-domain-7digit
22,,,,,,,,,,,,,,,,,,,,,,,,,MIP-2016-regression
23,,,,,,,,,,,,,,,,,,,,,,,,,Mercedes_Benz_Greener_Manufacturing
24,115.0,7.886956521739131,1.8342033855318682,0.008695652173913044,0.01629877689683187,6183.668686868687,8015.075001957177,0.125,0.02747350379452978,114.0,1.5,0.10555555555555556,9.5,7.305041845440474,2.0,1.3228756555322954,6.925764192139738,2.24168834327194,0.09689417640914816,0.08808816052908086,0.0516898777173913,0.05154401606895173,,,MiceProtein
25,5956.0,16.730859637340497,5.421535067218593,0.000167897918065816,0.002395556325129652,317922678869.3996,4992778239101.401,0.5,0.011159845102675509,5955.0,119.1,0.045785151925206054,148.875,183.38053296845573,119.1,31.91586516106985,15.732348249517253,5.600608146025606,0.025892106630151505,0.051673880405388346,0.00173947824513115,0.004130595167895419,0.02,0.04968505811907932,MiniBooNE
26,544.0,14.84375,5.891861407666128,0.001838235294117647,0.0027276351870386645,1243946929.3908932,6507462964.8617115,0.003472222222222222,0.0020020885306286066,543.0,38.785714285714285,0.4407467532467532,16.96875,15.05363395201605,38.785714285714285,18.876842024956527,13.858325666973322,6.040241216439557,0.030189264573179306,0.05446787208580569,0.009898617162595174,0.033343811038196745,,,Moneyball
27,27.0,7.703703703703703,4.2770839708202235,0.037037037037037035,0.15433303046291627,13061.815029415027,30849.976844506153,0.5,0.18332398030762345,26.0,0.002377686328303612,0.016828478964401296,1.625,0.8850612031567836,1.0,0.0,6.867924528301887,4.341382870119118,0.05540177862964989,0.09668077948517921,0.12933914749710648,0.14282050900680993,9.144947416552353e-05,0.007063680310423621,OVA_Colon
28,24.0,5.625,2.4103490636618696,0.041666666666666664,0.18225721466524797,674.7382395382396,1285.4534938405413,0.5,0.1767766952966369,23.0,0.0021033379058070416,0.01488673139158576,2.090909090909091,1.7580981459830651,1.0,0.0,4.76595744680851,2.6227496851955463,0.0869751610640497,0.1307509358340686,0.16923014322916666,0.10994754624974318,9.144947416552355e-05,0.002907206222161638,OVA_Endometrium
29,14.0,4.285714285714286,1.2043875831929898,0.07142857142857142,0.2175432294366407,75.33333333333336,38.891828948692535,0.5,0.0,13.0,0.001188843164151806,0.008414239482200648,2.1666666666666665,0.983192080250175,1.0,0.0,3.4814814814814814,1.5534173338499262,0.16696585940745456,0.0950341359572276,0.23883928571428573,0.12416012486761947,9.144947416552355e-05,0.00797331685948148,OVA_Kidney
30,19.0,7.0,3.7564758898615485,0.05263157894736842,0.20876315071483448,2192.5085581085577,3814.3849199770843,0.5,0.33494531740415406,18.0,0.0016460905349794238,0.011650485436893204,1.3846153846153846,0.5063696835418333,1.0,0.0,6.216216216216216,3.7869302661708524,0.07247975908456579,0.11514685581378291,0.15469520970394737,0.1728672508601386,9.144947416552355e-05,0.007031778596466117,OVA_Lung
31,39.0,9.58974358974359,6.029392693158497,0.025641025641025637,0.13235162014742544,594153.4413806353,1760393.6619888316,0.5,0.19944037418082114,38.0,0.003475080018289895,0.02459546925566343,1.7272727272727273,1.3159033899195376,1.0,0.0,8.727272727272727,6.073316018791943,0.042992359719715496,0.07916261244693519,0.09896145111475235,0.11818755941580186,9.144947416552355e-05,0.004251774206474518,OVA_Ovary
32,5.0,2.4,0.5477225575051661,0.2,0.4222912851513426,11.333333333333334,1.8257418583505538,0.5,0.14142135623730948,4.0,0.0003657978966620942,0.0025889967637540453,1.3333333333333333,0.5773502691896257,1.0,0.0,1.7777777777777777,0.9718253158075502,0.32808838596972456,0.1666852663448028,0.45,0.06846531968814576,9.144947416552355e-05,0.00913360900081726,OVA_Prostate
33,30990.0,27.401484349790255,8.088961965547687,3.226847370119395e-05,1.991453359892357e-05,4.2868867556483757e+17,1.85451404455528e+19,0.000687757909215956,0.0024054394344540163,30989.0,525.2372881355932,0.7816819695288064,508.0163934426229,535.4259516747165,525.2372881355932,275.2233161598709,26.401942593459076,8.21086613757784,0.01625648677678964,0.03731307911855967,0.00028377500781739864,0.003016422208415817,0.01694915254237288,0.009489659146305892,OnlineNewsPopularity
34,546.0,13.974358974358974,3.7655222539792392,0.0018315018315018315,0.011646408673592401,9936396.931231882,43981251.99898713,0.5,0.06734350297014742,545.0,18.166666666666668,0.04929895974672094,22.708333333333332,20.07048268882238,18.166666666666668,12.801086519977671,12.988084326306142,3.996884692389649,0.039531971472425556,0.05767306313873893,0.009054838301061274,0.03580596861577969,0.03333333333333333,0.10229432227606154,PhishingWebsites
35,1108.0,15.945848375451263,6.316319387706911,0.0009025270758122744,0.007979542255845417,4083492312.372457,29041203951.791336,0.5,0.03956734696170209,1107.0,184.5,0.0124960491262925,32.55882352941177,25.406025503949024,184.5,33.32116444543918,14.953498871331828,6.4627418866648805,0.029472695100984863,0.06091766464573473,0.006944969514471442,0.016240625939688336,0.1666666666666667,0.21980583367670184,Run_or_walk_information
36,,,,,,,,,,,,,,,,,,,,,,,,,SAT11-HAND-runtime-regression
37,41.0,8.853658536585366,3.8442227797680775,0.02439024390243902,0.122656352040895,15538.162282162284,27467.250301344906,0.5,0.017246506858208492,40.0,1.1111111111111112,0.00784313725490196,2.6666666666666665,0.9759000729485332,1.9047619047619047,1.0442586798663396,7.9753086419753085,3.94643924519932,0.05794256385505466,0.10005222142046422,0.08090284394054878,0.12826382456377936,0.027777777777777776,0.10553066569421772,Satellite
38,970.0,12.119587628865979,2.745881207711714,0.0010309278350515464,0.0049670695162060165,1673051.5413376442,4752890.749312644,0.5,0.10497255308336373,969.0,8.075,0.11566006206731917,48.45,46.093126556889956,8.075,6.0309600389653255,11.126353790613718,3.074416162056255,0.053421739962768146,0.06272271277019673,0.008235943194517155,0.016908394025164142,,,SpeedDating
39,13.0,3.8461538461538463,0.6887372317211945,0.07692307692307693,0.11000889338403809,51.46666666666666,16.18888507587845,0.5,0.054392829322042084,12.0,4.0,0.005452067242162653,2.4,1.51657508881031,4.0,3.0,3.04,1.2409673645990857,0.24548643835373332,0.16148726056518203,0.27403846153846156,0.07776358711356642,0.3333333333333333,0.3416613107578838,Titanic
40,10903.0,25.716683481610566,7.854913941029357,9.171787581399614e-05,0.0011175128285457853,6.416775745590584e+16,3.0765769685855355e+18,0.3333333333333333,0.2887529331755222,10902.0,545.1,0.15499004833665056,181.7,195.4379089920542,545.1,624.6302400957749,24.71790873652832,7.97916204853663,0.015598931941814595,0.03757900567740051,0.0005228780479181405,0.007814292143787177,,,Traffic_violations
41,40.0,8.4,3.5431407188885617,0.025,0.023596259897897258,14894.092707292706,38164.811105824694,0.05,0.019867985355975656,39.0,0.003784937888198758,0.06782608695652174,2.4375,1.5041608956491324,1.0,0.0,7.518987341772152,3.6650139381050626,0.05844340791888708,0.09687324253308163,0.07415084838867188,0.1043262927908954,9.704968944099378e-05,0.0020308642314718272,UMIST_Faces_Cropped
42,217962.0,28.283228269147834,8.451361668776388,4.5879556986997745e-06,4.128794686157855e-06,2.997987312135599e+22,5.561984024871056e+24,0.011235955056179775,0.016008504470482732,217961.0,2179.61,0.5449025,2759.0,3706.9939269385072,2179.61,82.93308669455678,27.28329544437894,8.568754374341003,0.0129445643490216,0.03250053514238076,5.7746653443704276e-05,0.0005024292462459162,0.009999999999999998,0.0007517112141129694,Yolanda
43,2232.0,14.740143369175627,3.6027084757620336,0.00044802867383512545,0.00038193294139036104,187616343.15843365,1967670718.4959922,0.03571428571428571,0.04511240759515902,2231.0,278.875,0.5341153938233182,76.93103448275862,86.59426368104907,278.875,99.99062456050567,13.74367017701098,3.8632135907214424,0.03656255699889541,0.054982962531669496,0.0037153501991569783,0.011228196782101385,0.125,0.05103906084437734,abalone
44,599.0,14.956594323873121,4.873804021449724,0.001669449081803005,0.0093042679700944,157128693.74371728,1358769048.328802,0.5,0.0413167568305996,598.0,13.28888888888889,0.14420062695924765,19.933333333333334,17.224548106445763,14.585365853658537,31.389469261008614,13.969924812030076,5.053966065146568,0.030638471629238297,0.07186029060477434,0.008706476455414435,0.03465732376585589,0.022222222222222227,0.047954298773443094,ada
45,3862.0,19.70378042465044,6.363566752984056,0.0002589331952356292,0.003343727665871292,4.441291265260938e+17,1.3936153003508472e+19,0.5,0.1047294352249366,3861.0,275.7857142857143,0.07905081691986406,61.285714285714285,89.94235224915232,275.7857142857143,343.85287072132564,18.706461219733264,6.514577795375452,0.015156778408487576,0.036618630142900475,0.0017219403611272053,0.012050830461395242,,,adult
46,1345.0,12.511524163568772,2.796691201790632,0.0007434944237918215,0.0038629742674365633,4572441.502097622,25468164.88519629,0.5,0.0015771898465127582,1344.0,42.0,0.09774545454545455,58.43478260869565,63.28638090383379,48.0,44.206585733601074,11.516548902937895,3.123184804585453,0.04735604285956375,0.06563750067809992,0.006510318522116508,0.011438829547007496,0.031249999999999997,0.07368215478424522,ailerons
47,161551.0,23.797395249797276,5.539432121261794,6.189995728902945e-06,6.101325453371728e-06,4058523554493591.5,3.3984142827795514e+17,0.5,0.2804555032437313,161550.0,23078.571428571428,0.2995088832981388,2991.6666666666665,4024.9290442591355,23078.571428571428,16621.698317331506,22.797471997920155,5.716940724791777,0.019868575800932025,0.03799672618473238,8.068131590752217e-05,0.0005304247096200963,0.14285714285714288,0.05442766604013266,airlines
48,41481.0,21.38236783105518,4.920325329283547,2.4107422675441774e-05,0.0007402262777790013,6508808549222.648,193592063797661.06,0.5,0.025791387862762395,41480.0,531.7948717948718,0.0975449158122472,942.7272727272727,1174.5527276102061,531.7948717948718,243.57027087983633,20.38263762490809,5.118943903107317,0.022945019714395647,0.037170440209601086,0.00023431122915233108,0.002822444462914598,,,albert
49,32.0,5.5,1.270001270001905,0.03125,0.07766083632615316,333.29523809523806,238.3044955460746,0.25,0.06750771560841522,31.0,0.44285714285714284,0.036860879904875146,3.875,2.5319388392523003,1.3478260869565217,0.714059817469728,4.603174603174603,1.7183983778946745,0.1368765457195767,0.11581502383801516,0.142333984375,0.08446396088182535,0.014285714285714284,0.05436638115990855,analcatdata_authorship
50,237.0,9.210970464135022,1.8972007443542114,0.004219409282700422,0.00454655006438544,26934.775446775446,32492.95168898296,0.16666666666666666,0.04534638240549511,236.0,59.0,0.2961104140526976,18.153846153846153,15.52334883246392,59.0,46.85438435550438,8.232558139534884,2.3199661218354737,0.09565024765875796,0.09319175639319785,0.028027755801687763,0.03665005737235353,0.24999999999999997,0.179016872625017,analcatdata_dmft
51,8.0,3.625,1.5059406173077154,0.125,0.1458962449335633,34.266666666666666,18.18647674806576,0.5,0.1767766952966369,7.0,0.0007096512570965125,0.07,1.4,0.5477225575051661,1.0,0.0,2.933333333333333,1.667618775665584,0.2250678929757294,0.1912918265893657,0.3125,0.1719764311094484,0.0001013787510137875,0.004538390909250014,arcene
52,90.0,10.1,3.421839967626327,0.011111111111111113,0.03707572007964763,50030.67035187036,95110.86522278943,0.5,0.015713484026367706,89.0,22.25,0.1592128801431127,5.5625,2.920473705868051,22.25,16.600702796367788,9.162011173184357,3.6089010403411703,0.05696414567842185,0.08662422352786353,0.04479200575086806,0.08946146259159515,0.25,0.12132378327794685,arsenic-female-bladder
53,1685.0,17.263501483679526,4.780763943592125,0.0005934718100890207,0.0015934317196248228,12008465303.504,169358612955.16147,0.1,0.03824121416247935,1684.0,240.57142857142858,0.1648072029751419,46.77777777777778,50.94372868237554,240.57142857142858,222.35021710720017,16.268922528940337,4.975663940370171,0.02721006647226652,0.05369983635648265,0.003540699602172431,0.019595806636368646,0.14285714285714285,0.05651491047279254,artificial-characters
54,286.0,9.398601398601398,1.9181125962225238,0.0034965034965034965,0.004424610798027643,37830.310489510484,46989.85979446347,0.5,0.1335096719722852,285.0,14.25,0.285,20.357142857142858,17.787667044924664,14.25,5.3299056968057235,8.416812609457093,2.343635876360389,0.08823115668661448,0.08188439489643497,0.024605704354239512,0.03024463339060683,0.05000000000000001,0.017447372093963315,autoUniv-au1-1000
55,276.0,9.942028985507246,2.6223323856778658,0.0036231884057971015,0.005582052927732819,106270.52746469218,290698.65719606885,0.125,0.005477745985640976,275.0,6.875,0.36666666666666664,16.176470588235293,13.328706304990964,6.875,3.0650009411468,8.961887477313974,2.9431583644487627,0.06649506129662339,0.0886900898438302,0.024758822676064312,0.03237258756439004,0.025,0.014961589286109021,autoUniv-au6-750
56,430.0,10.330232558139535,2.1424268838827736,0.0023255813953488376,0.002412045436701149,125747.31266119501,283133.45225470484,0.2,0.046073518037578955,429.0,35.75,0.39,25.235294117647058,25.168257318904466,35.75,27.07607128746038,9.343422584400466,2.53821384658671,0.07451076634121197,0.07400515394264626,0.01693572998046875,0.025949817381690714,0.08333333333333333,0.062192892722527204,autoUniv-au7-1100
57,210.0,11.047619047619047,3.595267895684648,0.004761904761904763,0.006006430387677696,323187.93532439356,794064.7018288807,0.3333333333333333,0.03433858357584751,209.0,17.416666666666668,0.2985714285714286,11.0,6.936217348894937,17.416666666666668,13.701083788142345,10.0763723150358,3.818726235540698,0.05257849234156563,0.08761050143188068,0.026504135131835936,0.05160397817769904,0.08333333333333333,0.07398640786948045,autoUniv-au7-700
58,161.0,8.111801242236025,1.4534174762429573,0.006211180124223602,0.014286641460595365,7467.009523809523,5244.848072517293,0.3333333333333333,0.025859204962312195,160.0,40.0,0.256,16.0,11.944315244779277,40.0,4.546060565661952,7.140186915887851,1.9642838936755733,0.1250145716296406,0.07488376985306457,0.04068808229813665,0.03823166482879946,0.25,0.030430483934193134,balance-scale
59,3666.0,15.968630660120022,4.05337487687397,0.00027277686852154935,0.002047905593182157,608065215.5170364,5173227947.265796,0.5,0.0381907099495189,3665.0,229.0625,0.08106434274844618,122.16666666666667,123.30536340191435,229.0625,223.08188892571863,14.97094530077752,4.28845353767026,0.03518391257136813,0.05401243118771857,0.0024568247641866088,0.007531088826105593,0.0625,0.07068674024194908,bank-marketing
60,863.0,12.239860950173812,2.924682699055656,0.0011587485515643105,0.005708393585329185,2548503.881085684,11304530.257016227,0.5,0.03359371729854975,862.0,26.9375,0.105224609375,39.18181818181818,39.5397766735466,26.9375,9.500212221738234,11.247536231884059,3.2331395627356025,0.04602040220463488,0.05485427234533803,0.008611687365163934,0.020433992807451506,0.031249999999999997,0.042120535104938406,bank32nh
61,395.0,9.878481012658227,1.8716201948649687,0.002531645569620253,0.015824011659010633,74405.04997224997,147154.41926707386,0.5,0.008950718749196812,394.0,49.25,0.048095703125,24.625,26.21418191234152,49.25,18.491310700666176,8.892268694550063,2.3141154911524664,0.06929806426315442,0.0688365004189781,0.01860730134988133,0.02593068829702906,0.125,0.18613085033586527,bank8FM
62,96.0,9.5,5.06795920724662,0.010416666666666666,0.06452880818079387,4161260.435367904,19929720.830382757,0.3333333333333333,0.09374999999999999,95.0,5.9375,0.0708955223880597,3.8,4.153311931459037,5.9375,2.3796008068581584,8.55497382198953,5.206864282579856,0.038304221579701876,0.08103383253696454,0.05789629556238651,0.06099599167520573,,,baseball
63,75976.0,19.967924081288828,3.2640731442627144,1.3162051174054966e-05,1.829860536507147e-05,34938589642.23378,205096822215.6311,7.692899453804139e-05,6.264447434400337e-05,75975.0,8441.666666666666,0.4554282734188142,2302.2727272727275,2998.738977394574,8441.666666666666,5816.674586909603,18.96806207264184,3.5568656459057073,0.03479587641511865,0.04203423932438198,0.00016526579804101372,0.0009236498416790736,0.1111111111111111,0.07637334035830852,black_friday
64,198.0,10.136363636363637,3.2566356949831654,0.005050505050505051,0.00798864884081512,187223.83568024682,635803.5183748424,0.5,0.1928473039599675,197.0,49.25,0.26336898395721925,10.368421052631579,8.104940374828933,49.25,31.899582024429932,9.164556962025317,3.506449386946741,0.05502750316418467,0.07765981733771433,0.030224867541380603,0.047054603335541394,0.25,0.12121757481079477,blood-transfusion-service-center
65,,,,,,,,,,,,,,,,,,,,,,,,,boston
66,40.0,6.225,1.8043750249793504,0.025,0.06366967069052061,813.904761904762,957.6530478416034,0.5,0.03535533905932741,39.0,1.95,0.07707509881422925,3.9,2.4244128727957577,2.6,1.2421180068162376,5.3164556962025316,2.1456234752097076,0.10324594807957233,0.11269411069566918,0.115673828125,0.09099097654352052,,,boston_corrected
67,82.0,9.134146341463415,2.08322041247722,0.012195121951219513,0.04397657223655371,8758.488888888889,8458.322415195607,0.24999999999999997,0.16824554541930795,81.0,13.5,0.046875,6.75,5.207075605715397,13.5,6.058052492344384,8.196319018404909,2.3904617450168812,0.08059078388913501,0.11303512200187961,0.03468583269817073,0.07823672164576854,0.16666666666666666,0.08240716918034033,car
68,10.0,5.4,2.8751811537130436,0.1,0.08207275433163867,191.7968253968254,219.55271122651774,0.1,0.0,9.0,0.2647058823529412,0.0042333019755409216,1.0,0.0,1.0,0.0,4.7368421052631575,2.8253240770486627,0.08887243921460852,0.1204653645188589,0.199609375,0.19507103128928163,0.02941176470588235,0.06439676834147819,cardiotocography
69,277.0,12.4043321299639,4.340037234130352,0.0036101083032490976,0.010451137462668368,2027423.3447675128,6193090.156656712,0.5,0.007658196186135884,276.0,13.8,0.0552,12.545454545454545,7.314221455345436,13.8,6.370986868940363,11.428571428571429,4.5291784637984644,0.04591281894455565,0.07637942864559163,0.02106703575767765,0.04355750220699369,0.049999999999999996,0.05004962254411576,churn
70,25.0,5.28,1.514375558880073,0.04,0.10733021917795703,256.76190476190476,214.762784639031,0.5,0.028284271247461926,24.0,1.3333333333333333,0.044444444444444446,3.0,1.6903085094570331,1.7142857142857142,0.7262730392025629,4.408163265306122,1.8699194205782725,0.1325258214609343,0.13193920268011394,0.1659375,0.1037249750190779,0.05555555555555555,0.07348667416285147,climate-model-simulation-crashes
71,683.0,13.576866764275255,3.5942921708585325,0.0014641288433382138,0.0027398553695904835,6414807.928443343,22015111.587564114,0.3333333333333333,0.0326186526334933,682.0,75.77777777777777,0.46300067888662594,29.652173913043477,24.886302723408047,75.77777777777777,63.731424308926634,12.587545787545787,3.842461129988861,0.04156049925224382,0.05589900711851625,0.007990610547156494,0.030269287131220714,0.1111111111111111,0.09384715716626665,cmc
72,146.0,26.69178082191781,13.245462498788108,0.00684931506849315,0.015822782011573278,1023157002846392.5,6115997779373335.0,0.1111111111111111,0.06340499578538272,145.0,0.21137026239067055,0.13425925925925927,2.685185185185185,1.2712209860004982,1.228813559322034,0.4963286915653614,25.786941580756015,13.221037360573447,0.015332711065953583,0.05909712363281494,0.02030735692666,0.08009501540142626,0.0014577259475218656,0.007972017369005532,cnae-9
73,,,,,,,,,,,,,,,,,,,,,,,,,colleges
74,193.0,9.82901554404145,3.0968376956661436,0.0051813471502590676,0.01166630171139918,101748.70051778285,224983.3710437034,0.5,0.04762895417318715,192.0,5.818181818181818,0.14746543778801843,11.294117647058824,7.966843053261067,6.0,3.2725643491541674,8.857142857142858,3.3599753754766604,0.05980762415172879,0.0931149652001799,0.031998945641394105,0.044437328792501056,,,colleges_usnews
75,496.0,11.79233870967742,3.3313966759178824,0.002016129032258065,0.0019693976763364646,1460124.0060191615,5388149.409877738,0.03333333333333333,0.01823172816343982,495.0,26.05263157894737,0.495,23.571428571428573,19.64833689799579,26.05263157894737,5.285973937491204,10.805247225025226,3.596492780140943,0.0498069442771313,0.06784337787323448,0.013978135201238816,0.02751057029751262,0.05263157894736841,0.0144316984228526,collins
76,18310.0,18.1400873839432,3.9004046129953505,5.4614964500273074e-05,0.0001882040816638837,11765878966.426702,133150555536.49785,0.3333333333333333,0.08618693626795294,18309.0,435.92857142857144,0.27101558683778143,554.8181818181819,632.6887294784781,435.92857142857144,372.6702192750244,17.14061006581283,4.147674775094664,0.03294246789196563,0.04980164460418032,0.0006130689108217311,0.002177694020870119,0.023809523809523808,0.02009018941473683,connect-4
77,408.0,12.262254901960784,3.7694422209690486,0.0024509803921568627,0.01716523283106349,2417996.5710702096,9092162.717486646,0.5,0.03466209711698766,407.0,19.38095238095238,0.0496826171875,18.5,14.073785154372244,19.38095238095238,10.259026223166556,11.278527607361964,3.999351027380244,0.045221827609082006,0.06240810299773582,0.014218727747599283,0.03511239356857956,0.047619047619047616,0.1127134361995262,cpu_act
78,513.0,12.099415204678362,3.4736535792442647,0.001949317738791423,0.012845339826841514,2414380.5802806695,13247035.089396235,0.5,0.01240538212607982,512.0,42.666666666666664,0.0625,22.26086956521739,19.64738564913535,42.666666666666664,9.791771437221554,11.112195121951219,3.7283355400755234,0.04281781815932625,0.06337244919129538,0.0130857998399939,0.028490578777895695,0.08333333333333333,0.11697717912722784,cpu_small
79,202.0,9.945544554455445,3.1751530617698913,0.0049504950495049506,0.010377334886939746,185248.89579440167,554374.9147465463,0.5,0.02100317171841232,201.0,10.05,0.201,11.166666666666666,8.978733043075929,10.578947368421053,9.032753914219837,8.972704714640198,3.4333380736555124,0.05885758643144265,0.07776819472530276,0.030123077996886603,0.045601942321441796,0.04999999999999999,0.045963725616465535,credit-g
80,84.0,9.083333333333334,2.3756208235298737,0.011904761904761908,0.0212203225751871,10012.552425352427,10840.421254678095,0.5,0.06734350297014742,83.0,2.3714285714285714,0.1537037037037037,6.384615384615385,4.699972722233991,3.1923076923076925,2.2094203904052443,8.1437125748503,2.6531986812506743,0.06877291549856691,0.09762801824070919,0.044140043712797616,0.09163534041392263,,,cylinder-bands
81,542.0,11.743542435424354,2.8902770267176603,0.0018450184501845018,0.007047202365245872,793591.610389473,2544919.6756794704,0.5,0.02609250115079511,541.0,108.2,0.07588722120914575,27.05,24.801262701301063,108.2,14.669696656713798,10.755309325946445,3.1945767600651056,0.05279321013732716,0.06803720661560224,0.012742753398374438,0.026959598070891242,0.2,0.34744745423055373,delta_ailerons
82,1311.0,13.424103737604883,3.3619103895096445,0.0007627765064836003,0.003198397598976528,10896651.332334165,76344855.51697429,0.5,0.0005393644402643758,1310.0,218.33333333333334,0.13764841861931282,52.4,51.02532051181387,218.33333333333334,134.22617727800588,12.42960702022129,3.636449409954276,0.043098144516194814,0.061864615575793334,0.0062309471275131725,0.013880319847205964,0.16666666666666666,0.20994716608907296,delta_elevators
83,128.0,8.4609375,2.054004514903532,0.0078125,0.017539445237644013,10421.956177156177,13778.841085563605,0.5,0.02209708691207961,127.0,15.875,0.16536458333333334,9.76923076923077,7.573570779954087,15.875,7.972049386987729,7.4980392156862745,2.4234330269787425,0.0858631968941672,0.09319529446711433,0.04429817199707031,0.05794035125030736,0.125,0.10432915841615,diabetes
84,41510.0,22.630619127920983,6.2705227544572315,2.4090580582992047e-05,2.1804648505719106e-05,6.1855503709350744e+16,3.704435508137847e+18,8.629616845012081e-05,9.955612164772953e-05,41509.0,4612.111111111111,0.7695402298850574,703.542372881356,966.2444775598783,4612.111111111111,2388.961774727907,21.63090376901673,6.427499770358768,0.017351822885494368,0.04017037158524848,0.00026552942672750514,0.0015441911536294675,0.1111111111111111,0.05083107976468753,diamonds
85,662.0,12.641993957703928,4.320403789888049,0.0015105740181268882,0.006809671637398367,166789101.31383377,1475560021.1070197,0.2,0.05395520034248235,661.0,0.3305,0.0661,22.033333333333335,25.05784113404127,1.2471698113207548,0.544122669640056,11.652305366591081,4.530620352455904,0.033405101101801775,0.057933292939269236,0.011077577982581814,0.022306406254520537,0.0005,0.003287046652366879,dilbert
86,188.0,9.585106382978724,2.6524514923186486,0.005319148936170213,0.019855189911846982,50100.92698412698,101804.88160246288,0.3333333333333333,0.04767492787144945,187.0,1.038888888888889,0.05869428750784683,11.6875,8.761421117604153,1.7,1.1457940638252793,8.613333333333333,2.956427482301996,0.06419518409966347,0.0702888206018648,0.03163455394988365,0.04776364039509355,0.005555555555555556,0.026758357653912164,dna
87,169.0,9.887573964497042,2.6557035491980048,0.005917159763313609,0.006467335616795848,59357.740278022626,157871.3626230325,0.5,0.04602470173403568,168.0,14.0,0.336,9.882352941176471,8.702602720890289,14.0,4.221158824088691,8.919881305637983,2.950401907273168,0.05805242414475255,0.07940298727543658,0.03013683070797892,0.060886799789233274,,,dresses-sales
88,1367.0,15.097293343087053,3.874122957033605,0.000731528895391368,0.0019813758730162167,38756588.678391576,120995077.19803628,0.5,0.01293172606412854,1366.0,97.57142857142857,0.09118825100133511,56.916666666666664,46.244075217844106,97.57142857142857,17.95170566446922,14.10318331503842,4.11274588753268,0.04300748735056618,0.061849774852851425,0.0047001476783166424,0.018669578235023854,0.07142857142857147,0.03131050291080392,eeg-eye-state
89,3886.0,16.08955223880597,4.225157108587928,0.0002573340195573855,0.001016770579318608,616079043.3199426,3355894417.9295044,0.5,0.002911402084144296,3885.0,485.625,0.08573887711864407,133.9655172413793,125.0072805761502,485.625,195.61108462602886,15.091751383348347,4.4513613561755,0.03660029654773255,0.05444356763722181,0.002363457413015449,0.007044805864768507,0.125,0.13771918234023092,electricity
90,,,,,,,,,,,,,,,,,,,,,,,,,elevators
91,163.0,10.269938650306749,3.1643487612197134,0.006134969325153374,0.01309178520107735,216967.9135933898,1025556.101141128,0.2,0.10002069867456567,162.0,8.526315789473685,0.22010869565217392,8.1,7.195758984875818,8.526315789473685,4.574912519535593,9.304615384615385,3.409700702318638,0.051148346943381974,0.09217179462517061,0.030233453387863065,0.06304493521429422,,,eucalyptus
92,2252.0,15.822380106571936,4.1978476028731055,0.0004440497335701598,0.000870997922521239,614053408.2558864,5734759312.810802,0.3333333333333333,0.08418266382446694,2251.0,83.37037037037037,0.20583394294074617,72.61290322580645,73.72275877427758,83.37037037037037,49.73943501902084,14.826115922718188,4.42261184210006,0.03194881499113927,0.04742388616492342,0.003212936284999838,0.014476497457777321,0.03703703703703704,0.026127691108357703,eye_movements
93,1829.0,117.36358665937671,76.24955147434719,0.0005467468562055768,0.001624592776845634,9.468536162753963e+92,1.5466979526360114e+94,0.14285714285714288,0.07411913703806751,1828.0,2.3197969543147208,0.221925458297924,5.803174603174603,3.701349738919413,2.9248,2.176309508531146,116.39595296691277,76.2375337947745,0.002804429224105842,0.022661790994852264,0.002749484622488663,0.020646833985402846,0.0012690355329949235,0.002042879642698841,fabert
94,22115.0,26.856025322179516,6.487099729655545,4.521817770743839e-05,0.00234827170787144,872752782128286.6,2.8597729179500496e+16,0.125,0.1365632471723172,22114.0,762.551724137931,0.21901988748910545,425.2692307692308,474.7686377877626,762.551724137931,1863.8360900152538,25.856655135770648,6.638144562001377,0.01728340678454108,0.050893885096337306,0.0002449449845541778,0.0059689968060375196,0.03448275862068966,0.09042335625656316,fars
95,1755.0,16.08262108262108,4.710127613344552,0.0005698005698005698,0.0014818106402691256,1349315456.0596414,12992785375.073063,0.16666666666666666,0.04371191192414921,1754.0,35.08,0.2866949983654789,54.8125,53.16889552748772,35.08,26.32283093763717,15.087489313194641,4.9094462730880215,0.03184916414197458,0.06025074988044725,0.00416034337801811,0.015198708435534218,0.020000000000000004,0.013180426555212255,first-order-theorem-proving
96,117.0,7.777777777777778,1.682112337422448,0.00854700854700855,0.02013681468428502,5545.811255411255,7537.934050218126,0.5,0.03021823851224563,116.0,23.2,0.116,9.666666666666666,8.424351427243344,23.2,3.1144823004794873,6.815450643776824,2.122401431124175,0.09716326057473242,0.08661633433936318,0.05154079861111111,0.049389429520874384,0.19999999999999998,0.05163070370810515,fri_c0_1000_5
97,64.0,7.03125,1.772530699131916,0.015625,0.0341962125443879,1995.6779220779222,2427.545992567134,0.5,0.02209708691207961,63.0,12.6,0.126,5.7272727272727275,4.4292416752963275,12.6,2.073644135332772,6.094488188976378,2.154482484415467,0.09550461940770456,0.09326352956035548,0.0789031982421875,0.07732608814303234,0.2,0.10347854006287556,fri_c0_500_5
98,67.0,7.1940298507462686,2.1619211852462716,0.014925373134328358,0.043895990509535236,3308.5922077922073,5564.6952392264275,0.5,0.09498449299520788,66.0,1.32,0.066,5.5,3.7779263191236634,1.9411764705882353,1.704560308907349,6.2556390977443606,2.4852721798943382,0.09192725137770118,0.11281238894515659,0.07930562033582089,0.06800785722774631,0.02,0.06553204145645683,fri_c1_1000_50
99,75.0,7.746666666666667,2.6205700500821165,0.013333333333333334,0.042486987939181375,7804.555622155622,16704.81997366489,0.5,0.08485281374238575,74.0,2.96,0.074,5.285714285714286,3.6674990730127597,3.3636363636363638,2.460070741248725,6.805369127516778,2.8914549137466485,0.07526723312993978,0.10716636899706465,0.0710107421875,0.06851083938337821,0.039999999999999994,0.09603731067976579,fri_c2_1000_25
100,40.0,7.225,2.974140686065947,0.025,0.06597435399164879,3435.312598512599,6275.909056708289,0.5,0.10606601717798211,39.0,0.78,0.078,3.0,1.7320508075688772,1.56,0.8205689083394114,6.329113924050633,3.1611484402371697,0.07388708755281927,0.1149630854584254,0.107305908203125,0.10859702150574652,0.02,0.07091521585993345,fri_c2_500_50
101,86.0,7.511627906976744,2.045046733517565,0.011627906976744186,0.03503478826122532,4973.21736041736,9586.824115096435,0.5,0.01644434374852439,85.0,8.5,0.085,6.538461538461538,5.456118654247795,8.5,6.2048368229954285,6.56140350877193,2.4011091348373528,0.08586736460529434,0.0973451822984153,0.06510322038517442,0.060190191643717535,0.10000000000000002,0.12816686529639887,fri_c3_1000_10
102,73.0,6.958904109589041,1.5132595077842872,0.0136986301369863,0.03761710785869866,1810.539682539683,1336.076271864149,0.5,0.009686394262829457,72.0,2.88,0.072,8.0,4.8218253804964775,3.789473684210526,3.0290986442325094,6.0137931034482754,1.9649222733303942,0.14169803404804607,0.09348831482686999,0.07528895547945205,0.062113982190849716,0.04,0.08533854746167797,fri_c3_1000_25
103,49.0,6.469387755102041,1.6342944555210785,0.020408163265306128,0.04508691530780066,1023.0095238095238,1068.562977802836,0.5,0.01443075063646017,48.0,4.8,0.096,4.8,3.359894178227774,4.8,3.614784456460256,5.546391752577319,2.0259803108449184,0.10690842036462894,0.09743679774179802,0.09857302295918367,0.08271538376002856,0.1,0.13389019451670778,fri_c3_500_10
104,39.0,5.923076923076923,1.3255508365366133,0.025641025641025647,0.046690181081750944,504.99047619047604,324.5195885036714,0.5,0.054392829322042084,38.0,0.76,0.076,4.75,2.9640705601780613,1.9,2.125038699338017,5.012987012987013,1.77329240689612,0.1437557325634828,0.08068879028984256,0.11899038461538461,0.08724450072500889,0.019999999999999997,0.06471272333155122,fri_c3_500_50
105,37.0,5.5675675675675675,1.0939363311896615,0.027027027027027032,0.06107667607491718,379.96190476190475,254.10498430496565,0.5,0.01911099408612287,36.0,0.36,0.072,4.5,3.4226138716316967,1.5,0.9325048082403138,4.657534246575342,1.6177760633573466,0.15881486220694224,0.13807741411269311,0.13239020270270271,0.06613624504883203,0.009999999999999998,0.0476350388607974,fri_c4_500_100
106,2808.0,13.396367521367521,2.7569805143245927,0.00035612535612535614,0.0024254044886571164,17379376.00902316,85648330.14509538,0.5,0.016620031181735072,2807.0,280.7,0.06885302197802198,116.95833333333333,137.15572842787032,280.7,79.13427407472273,12.39893143365984,3.092632153248256,0.04723283718336425,0.06666733437136614,0.003545436042326468,0.006036968605343065,0.1,0.09713720838765393,fried
107,191.0,11.900523560209423,5.853972986309554,0.005235602094240837,0.021069303373169413,86755319.24712332,435870732.3567988,0.5,0.018510648722160912,190.0,0.1958762886597938,0.06026006977481763,6.551724137931035,6.009434290564365,1.130952380952381,0.4175710174390406,10.934383202099738,5.986247304414663,0.033256179845911366,0.059876013560340405,0.029523080497668053,0.05164729187831471,0.0010309278350515462,0.009314918712650699,gina
108,262.0,11.83969465648855,4.185940331410883,0.003816793893129771,0.018371768430632856,12382783.827481655,71530364.02585682,0.16666666666666666,0.08655514662648653,261.0,0.48333333333333334,0.025342266239440723,10.038461538461538,10.516580315789993,1.3957219251336899,0.8056139632246393,10.864244741873804,4.382864879620804,0.037274827447957785,0.08067756813808734,0.016063910062986474,0.03779319485024153,0.001851851851851852,0.015497163061126525,har
109,192.0,25.046875,17.344760683489966,0.005208333333333333,0.004814441581664228,6258290887945488.0,2.160505318135807e+16,0.5,0.014731391274719726,191.0,1.91,0.15759075907590758,3.4727272727272727,2.566555159587533,2.0760869565217392,1.1215540205121193,24.114882506527415,17.351233428531664,0.018491865270697416,0.056317888666582765,0.022975692957254646,0.06144268096213306,0.010000000000000002,0.007555597984904199,hill-valley
110,181.0,17.25414364640884,8.107030348292767,0.0055248618784530384,0.03511160979345595,1780997451.7471242,6484795848.717753,0.5,0.035160005694358704,180.0,0.12893982808022922,0.042563253724284704,5.454545454545454,2.2651008406209683,1.0778443113772456,0.26873223059323065,16.304709141274238,8.173208603327065,0.02564395112838085,0.07618671466227916,0.02302078674650283,0.06881233973441453,0.0007163323782234956,0.0029069446996025945,hiva_agnostic
111,18682.0,25.816079648859866,11.022277808466479,5.352745958676801e-05,7.532847403641531e-05,5.498412945510846e+32,3.809972496633223e+34,0.0004889975550122249,0.0009981497074556883,18681.0,1167.5625,0.8199174859550562,163.8684210526316,259.85916925038947,1167.5625,182.35641611964192,24.816797366378502,11.1117691758301,0.008447735650794935,0.0291209438450569,0.000525265649586698,0.0030021712848862896,0.0625,0.014434779700441028,house_16H
112,936.0,15.097222222222221,4.728359403644113,0.0010683760683760685,0.001100698551612647,506335572.1960738,6348255901.717902,0.002049180327868852,0.0018131985716965924,935.0,11.835443037974683,0.6404109589041096,29.21875,27.161089786440765,13.357142857142858,8.649429426244597,14.1058257616248,4.921362713937891,0.03231309401445686,0.056519028230729206,0.007093621803443624,0.02290964363175667,,,house_prices_nominal
113,18872.0,21.06337431114879,5.564342731880266,5.298855447223401e-05,2.018313862752759e-05,7463721536582.385,249279268468760.16,0.000248323814253787,0.0005982095451472046,18871.0,898.6190476190476,0.8731319113496506,419.35555555555555,472.0823866635777,898.6190476190476,503.0298675218476,20.063958879792278,5.740127593437293,0.02316127008836868,0.04283578726412165,0.0005208377810463762,0.003099920305155639,0.04761904761904761,0.027792575453692302,house_sales
114,319.0,11.012539184952978,3.2466479294108503,0.003134796238244514,0.030934475625760308,594240.9489721837,2132974.0111705745,0.5,0.006649907033102323,318.0,39.75,0.015406976744186047,15.9,13.301760864835272,39.75,11.829140773047357,10.031397174254318,3.5095046274893784,0.05044091159556305,0.06242161352298556,0.019600931006165508,0.037765783885937466,0.125,0.32338591416849155,houses
115,118.0,11.067796610169491,4.5997562431873,0.008474576271186442,0.019798936307016273,447803.07354372495,1069933.262007199,0.5,0.011984860698077044,117.0,11.7,0.2006861063464837,5.85,2.9607075967890197,11.7,5.078276172963507,10.119148936170212,4.747767729985763,0.04781892699865185,0.08010904315066804,0.04044605513750497,0.07298843166731872,0.1,0.048225321822443615,ilpd
116,660.0,12.110606060606061,3.1403501920395804,0.0015151515151515152,0.005495547572732958,2426302.345780941,15034668.27604759,0.038461538461538464,0.0151034201702983,659.0,1.06807131280389,0.0845196870591253,28.652173913043477,28.101453692019977,1.6811224489795917,0.947658719638309,11.12054586808188,3.4253178144112484,0.04523992638874974,0.062494175674712556,0.011030334053617535,0.022743151413300113,0.0016207455429497568,0.00553639777564045,isolet
117,13889.0,19.14090287277702,6.523029772761188,7.199942400460795e-05,0.0003492225133536934,3.295318005016252e+17,1.0780983463882576e+19,0.25,0.12392181408114189,13888.0,257.18518518518516,0.16586053288428695,227.672131147541,355.0263709130856,257.18518518518516,44.7175935466855,18.141627965583037,6.6734836738843075,0.016620149718115915,0.040952172758470226,0.0007870074734305441,0.0025358825016080395,0.018518518518518514,0.016909538102827033,jannis
118,389.0,12.179948586118252,3.7068491910495704,0.002570694087403599,0.011964916944433258,2567954.0053035314,12112810.486711338,0.5,0.06725694319769218,388.0,2.6944444444444446,0.13002680965147453,16.869565217391305,14.13346881382849,3.5925925925925926,5.443056173269313,11.196911196911197,3.9394372319828523,0.04382876200170615,0.07252965309235489,0.015790445945563232,0.03625476404297407,0.006944444444444446,0.03181490427635805,jasmine
119,2020.0,26.48910891089109,22.592309793618206,0.0004950495049504951,0.003279312329349096,3.83413747974798e+39,8.736885645265426e+40,0.5,0.3906589939624689,2019.0,96.14285714285714,0.18548461185117135,14.737226277372264,26.4892514475191,96.14285714285714,32.40723023383163,25.495914830403564,22.63240543510073,0.006834474432289546,0.028091599188806698,0.0036311508741879712,0.014144763727523177,,,jm1
120,10605.0,16.757661480433757,3.1301335052254804,9.42951438000943e-05,0.0008443349859426092,542232975.7724166,1971193647.2597175,0.3333333333333333,0.11022275482622668,10604.0,1767.3333333333333,0.23659608648117986,407.84615384615387,453.68550272696103,1767.3333333333333,1540.3321286874032,15.758498750530435,3.4326317459812574,0.042725783211857674,0.042675007536083207,0.0009287414068548481,0.0044438622669147505,0.16666666666666666,0.05411020225498328,jungle_chess_2pcs_raw_endgame_complete
121,262.0,11.816793893129772,4.007276000709577,0.003816793893129771,0.013292202829933021,1029126.768308678,3419211.129340022,0.5,0.0971597103920447,261.0,12.428571428571429,0.12375533428165007,12.428571428571429,7.864931204857602,12.428571428571429,7.1942437307296485,10.841300191204589,4.212694716413389,0.04986971756949574,0.0675133704339249,0.022104175946184697,0.04465143789903068,0.047619047619047616,0.04183797277701735,kc1
122,69.0,8.101449275362318,2.951295465983748,0.014492753623188406,0.024985301369635313,12599.29759129759,29931.90755641707,0.5,0.17421471420538126,68.0,3.238095238095238,0.13026819923371646,4.533333333333333,3.020564437950219,3.238095238095238,2.447544931247676,7.1678832116788325,3.1798292200388905,0.06711419826982176,0.08561293784498974,0.06951019729393115,0.08441637105428144,0.047619047619047616,0.0773381908104346,kc2
123,57.0,9.175438596491228,4.188090286828421,0.017543859649122806,0.04730763706134841,39256.36745476745,73773.70370639404,0.5,0.06202691063039894,56.0,7.0,0.07161125319693094,3.5,1.3165611772087666,7.0,2.2038926600773587,8.265486725663717,4.315705742474316,0.05406659079917742,0.1086625066784611,0.07711256596080043,0.10102005510379085,,,kdd_el_nino-small
124,842.0,14.21021377672209,4.315692153662554,0.0011876484560570072,0.011427659988523419,62933182.1548485,492044109.7065555,0.5,0.03191218252385843,841.0,12.367647058823529,0.08320142461416699,30.035714285714285,26.253016959406768,12.367647058823529,12.932551100348514,13.219251336898395,4.526451275714525,0.036811709060133625,0.06695096601788866,0.00841430432191937,0.02130728003630261,0.014705882352941173,0.049376346262964804,kdd_internet_usage
125,5132.0,23.315471551052223,18.48296529647294,0.00019485580670303975,0.002484687407775621,7.981542575926386e+53,2.9029542924687186e+55,0.5,0.18242583364984197,5131.0,165.51612903225808,0.07030404340736884,27.735135135135135,70.49445019867281,165.51612903225808,108.28446209490444,22.317840787294163,18.53544120651873,0.005036101840515517,0.02452785746829961,0.0015134653610267054,0.008619967502981317,,,kick
126,1068.0,12.132022471910112,2.8793914070244067,0.0009363295880149813,0.0025971331276013723,2342379.90345231,7209867.32794032,0.5,0.010593360017776018,1067.0,133.375,0.1302490234375,50.80952380952381,49.58691263591538,133.375,25.042463936282306,11.13817330210773,3.1954629618744517,0.052703396690157014,0.06927791004115981,0.008010554402955016,0.012984389556373585,0.125,0.0614463798932356,kin8nm
127,6581.0,15.028567087068835,2.927145496554389,0.000151952590791673,0.0002682637979962115,85696879.45981476,249381306.9343361,0.05555555555555555,0.05271437518647669,6580.0,1096.6666666666667,0.2345309381237525,274.1666666666667,293.6153453321075,1096.6666666666667,671.8611959822257,14.029784970746904,3.2478929841879998,0.050325860198403044,0.06368307061981082,0.0016525910266933605,0.0033753320191402475,0.16666666666666666,0.08479112313118847,kr-vs-k
128,6576.0,15.02904501216545,2.927552408253122,0.00015206812652068127,0.0002682955926221025,85839383.78823817,249968262.29224157,0.05555555555555555,0.05265281296075756,6575.0,1095.8333333333333,0.23435272312517821,273.9583333333333,293.4520891443583,1095.8333333333333,673.2165822873548,14.03026385826173,3.248257268749766,0.05032069107418049,0.06371814802915905,0.001653455777904993,0.003378296209299845,0.16666666666666666,0.08535570415980848,kropt
129,20260.0,19.48568608094768,4.627241647888485,4.935834155972359e-05,0.00015610251300635726,199337075780.24426,4613863583531.623,0.09090909090909091,0.06959280000331075,20259.0,2894.1428571428573,0.12288608516316875,519.4615384615385,599.4381073425454,2894.1428571428573,1693.8299234349975,18.486191663170363,4.837463893280265,0.027120425008736404,0.04685749315017906,0.0005344492848211966,0.002295195189529465,0.14285714285714285,0.07263174658124838,ldpa
130,1080.0,11.219444444444445,1.793560633677887,0.000925925925925926,0.0015335453953761531,398987.75500055496,479938.4722342007,0.1,0.023252849631897977,1079.0,44.958333333333336,0.3371875,67.4375,71.32831952784719,44.958333333333336,20.32663527122173,10.225104214914312,2.2690445531593832,0.08112996229483377,0.07405542603575616,0.008303380895543982,0.010993913896397556,0.041666666666666664,0.03307762602630718,led24
131,2240.0,16.10982142857143,4.060121199849612,0.0004464285714285714,0.0018677293368274794,171934844.62534857,710303017.086409,0.038461538461538464,0.009582060582559958,2239.0,139.9375,0.11195,82.92592592592592,73.68692918532793,139.9375,32.896745026420675,15.113641437820942,4.291811030072708,0.03833160679556218,0.053070962598787304,0.0032747971027025156,0.013864816288669141,0.0625,0.040880683977766515,letter
132,234.0,9.61111111111111,2.8326810660461055,0.004273504273504274,0.012412247868286281,132144.63365653955,427216.90096945077,0.5,0.0060436477024491024,233.0,0.8996138996138996,0.07420382165605095,12.944444444444445,11.58839288569397,1.8492063492063493,1.2137048096960665,8.633832976445396,3.1282958376054766,0.06102082510691411,0.09002308527487526,0.028956193190354567,0.03373980254974628,0.0038610038610038607,0.011984055574287845,madeline
133,189.0,9.253968253968255,2.80558857538057,0.005291005291005291,0.013996355375559232,75407.97250853722,229548.89873014885,0.5,0.018706528602818757,188.0,0.376,0.07230769230769231,11.058823529411764,9.568637495976727,1.4573643410852712,1.045882939927317,8.281167108753316,3.0977841628074767,0.061858033928916444,0.0860884790457344,0.03437038199611442,0.0389923861820641,0.002,0.008786458304555033,madelon
134,160.0,10.41875,3.6608963314583947,0.00625,0.029871750140676133,187568.71991276694,439753.03605476645,0.5,0.08838834764831845,159.0,26.5,0.014218009478672985,8.833333333333334,5.1478150704935,26.5,9.60728889958036,9.454545454545455,3.8726142621692032,0.05658202970557476,0.09101307561934127,0.03452863693237305,0.05672721961207179,0.16666666666666666,0.12119903025743539,mammography
135,65.0,8.446153846153846,2.8778831697033045,0.015384615384615387,0.10325226958665863,9248.765723165723,15754.094693221328,0.5,0.16317848796612636,64.0,1.6842105263157894,0.006761039509824636,4.571428571428571,2.5332947751066035,2.4615384615384617,1.65482976117229,7.51937984496124,3.097632097651866,0.06791605776550107,0.10336552417543339,0.06576209435096154,0.09913514302591352,0.026315789473684216,0.03559321790293218,mc1
136,11.0,3.727272727272727,0.9045340337332909,0.09090909090909093,0.14833064426324122,42.8,15.834813965858057,0.5,0.5785419118799024,10.0,0.47619047619047616,0.01893939393939394,2.0,1.0,1.6666666666666667,1.632993161855452,2.9523809523809526,1.3219754338182867,0.20271948824703737,0.10055483804113606,0.2897727272727273,0.10466735728878503,,,meta
137,119.0,10.159663865546218,3.3037810728892953,0.008403361344537815,0.02180968115299814,62460.910885193225,137584.02190455017,0.1,0.03746596768262791,118.0,0.5539906103286385,0.059,6.9411764705882355,4.866602873608218,1.388235294117647,0.637967711659805,9.20675105485232,3.5204422381528278,0.057947388479418,0.08406017915208255,0.040304616719734766,0.07319861773119152,0.004694835680751174,0.015348916623025524,mfeat-factors
138,66.0,11.06060606060606,6.7251051759091185,0.015151515151515152,0.019888707194516943,29536235.12257107,117052210.17760812,0.05,0.024132526018713494,65.0,0.06057781919850885,0.1138353765323993,2.3214285714285716,2.037674263005842,1.015625,0.125,10.15267175572519,6.790800657952071,0.029238133073865153,0.08203293853390027,0.061700994205294235,0.1028777446820216,0.0009319664492078285,0.005631149025792995,micro-mass
139,5526.0,17.85106768005791,4.530967926731069,0.00018096272167933406,0.0003971384700604192,12597958997.710382,227057487628.73932,0.2,0.1118461910787079,5525.0,276.25,0.27625,153.47222222222223,168.72538738792792,276.25,209.54107121592125,16.852773504660213,4.743172874069698,0.02761856811036477,0.040150003813328845,0.0014374836119917117,0.00852832549888403,0.05,0.03587936582054239,microaggregation2
140,4478.0,15.277802590442162,5.889087548205861,0.00022331397945511388,0.002167713454397466,115482674812978.12,2600187531390028.0,0.1,0.031306074836747876,4477.0,7.028257456828886,0.06395714285714285,89.54,157.67665311889238,8.77843137254902,6.490428610374015,14.27962032384143,6.054087891648937,0.02001158428701823,0.05275354923347897,0.0024086787688852333,0.003665052268748091,0.0015698587127158557,0.005112004281762431,mnist_784
141,858.0,15.074592074592074,4.547843181629937,0.0011655011655011655,0.009479374766774911,1075246142.2249458,11843218000.008648,0.5,0.0527445617668287,857.0,171.4,0.05513026696687038,25.96969696969697,28.927155114706718,171.4,91.71041380344982,14.08396501457726,4.746915047957034,0.026868586330287526,0.06590162193601674,0.005055391724386398,0.02231419139414698,0.20000000000000004,0.3452787317603894,mozilla4
142,117.0,9.324786324786325,3.0928980379111795,0.00854700854700855,0.01175503980434139,33389.06586746586,55242.42812379222,0.5,0.018130943107347346,116.0,16.571428571428573,0.232,7.733333333333333,4.199773236508757,16.571428571428573,3.4572215654165053,8.369098712446352,3.3336434910707955,0.06786259415702099,0.08027466217931789,0.04512741219284188,0.06545734316695997,0.14285714285714285,0.04404825008760211,no2
143,1167.0,14.60839760068552,4.439418558608674,0.0008568980291345329,0.009116461899385432,131298761.35639712,1107443556.3494325,0.5,0.009088776107796253,1166.0,10.6,0.03383142318293921,40.206896551724135,35.50993755309393,11.544554455445544,15.227951111344723,13.615087869695671,4.648094322934933,0.036009081933307346,0.06044338225517986,0.006472218430568341,0.016973633695764576,0.00909090909090909,0.04459302820584747,nomao
144,18637.0,24.317325749852444,7.576105016443823,5.3656704405215434e-05,7.003526730322972e-05,4345590179583447.0,1.0412883162395974e+17,0.5,0.00254204830925031,18636.0,887.4285714285714,0.19348006644518273,345.1111111111111,349.0022255790348,887.4285714285714,47.32395950105129,23.31800499020739,7.705856435703991,0.01819680951404008,0.03848202445341951,0.0004888930819901637,0.00366692923895509,0.047619047619047616,0.0028279640595512416,numerai28_6
145,,,,,,,,,,,,,,,,,,,,,,,,,nyc-taxi-green-dec-2016
146,4029.0,17.471084636386202,4.548859797993573,0.0002482005460412013,0.003974736660260381,2035097942.9258354,11827444054.873318,0.3333333333333333,0.1715274090908118,4028.0,212.0,0.07930851168560121,129.93548387096774,119.81372639333969,212.0,115.15979236598935,16.473377187538787,4.759203431742326,0.03296906882924185,0.04952738710370694,0.0019900419964986953,0.00933412737439331,,,okcupid-stem
147,366.0,10.852459016393443,2.9020695434985777,0.00273224043715847,0.01054671290026784,329759.60773564246,991827.4298763509,0.1,0.03972359802851433,365.0,5.887096774193548,0.06494661921708185,19.210526315789473,16.450528351421898,7.3,3.786388080199592,9.868673050615595,3.1987567389767935,0.05785263372659047,0.08310415608771625,0.018558700227997993,0.031256969013674155,0.016129032258064516,0.02627099984762013,optdigits
148,108.0,8.583333333333334,2.5618516959710083,0.009259259259259259,0.04764424620040589,17582.38104118104,38849.107212276846,0.5,0.0,107.0,1.4861111111111112,0.04222573007103394,7.133333333333334,5.767726299562651,2.14,1.3851987258888456,7.627906976744186,2.8532917194296927,0.0683188480037103,0.07724075531010748,0.04706545229311342,0.06451740827851168,0.013888888888888888,0.01916552998215566,ozone-level-8hr
149,165.0,10.212121212121213,3.5916364209563283,0.006060606060606061,0.04987011978205669,367823.8276568976,1435422.4532392712,0.2,0.17232808737106584,164.0,16.4,0.02996528412205372,8.2,6.501821607097991,16.4,7.545418035691153,9.246200607902736,3.810710895988373,0.049560701971792076,0.07023246487327893,0.03337779189601089,0.05609461281464628,0.09999999999999999,0.14233423610433693,page-blocks
150,644.0,9.540372670807454,0.6965258271808915,0.0015527950310559005,0.0011184729762482083,53966.01904761905,16835.885918037427,0.5,0.0,643.0,64.3,0.5720640569395018,64.3,79.6688284225532,64.3,60.829543260929825,8.548562548562549,1.5492723523340624,0.20105552031203783,0.10849236188775385,0.014096467391304348,0.007719901183748614,0.09999999999999999,0.12161185961921385,parity5_plus_5
151,244.0,10.069672131147541,2.8239245185199833,0.004098360655737705,0.013311618629878227,122722.82476216594,371496.31976806483,0.5,0.01738787166852164,243.0,13.5,0.1249357326478149,13.5,11.110408474515607,13.5,9.865268846400726,9.092402464065708,3.1186554983718193,0.060696022723371615,0.09185147491217678,0.02645007899550141,0.03832550723667698,,,pbcseq
152,76.0,8.986842105263158,3.2103724438248866,0.013157894736842105,0.05517742044884744,22947.422932622925,54799.20408093323,0.5,0.13025651232383767,75.0,3.5714285714285716,0.06762849413886383,4.6875,2.725649769626807,4.166666666666667,2.706202027152575,8.052980132450331,3.4132840090255185,0.058611302551307955,0.07849208174095619,0.05688275788959704,0.08793475368997217,0.047619047619047616,0.04923909749947651,pc1
153,46.0,8.478260869565217,2.9039370243767157,0.021739130434782605,0.07677094039152327,6582.889776889776,11827.883114710774,0.5,0.2766939578556055,45.0,1.25,0.008051529790660225,3.2142857142857144,2.006856379383569,1.9565217391304348,1.2605287804426009,7.582417582417582,3.073419861637789,0.06228888212163866,0.1306035854024669,0.06723155146059782,0.12248826611038369,0.027777777777777783,0.03428361281967374,pc2
154,135.0,10.088888888888889,3.4020772115332463,0.007407407407407408,0.027186772843903445,155385.60972319733,542740.7429628097,0.5,0.06809176411426016,134.0,3.6216216216216215,0.08573256557901472,7.052631578947368,5.306952297699545,4.0606060606060606,2.560998266538289,9.130111524163569,3.6223014127525865,0.05128456422899675,0.0783415133504343,0.036728159586588545,0.06794924250031084,0.02702702702702703,0.029723133194666445,pc3
155,97.0,9.969072164948454,4.179447751217215,0.010309278350515464,0.05350439526832077,151116.02580123694,430573.00440813584,0.5,0.08018736693868067,96.0,2.5945945945945947,0.06584362139917696,5.052631578947368,2.717713176970797,2.823529411764706,1.7832654459232606,9.025906735751295,4.3414610073979105,0.05040405187120974,0.08391658400040553,0.05165048972847536,0.0739781995689417,0.027027027027027025,0.052799501182316494,pc4
156,352.0,10.397727272727273,2.759246656868884,0.002840909090909091,0.011297613744325323,295527.4657965358,1057314.9531859476,0.1,0.034347727932738346,351.0,21.9375,0.03193231441048035,18.473684210526315,17.487673185712627,21.9375,5.359959576962001,9.41394025604552,3.0709890074054425,0.05602891547311432,0.07003408683302235,0.019836263223127884,0.02981868060922645,0.0625,0.03707674265679987,pendigits
157,500.0,11.924,4.1915823653425806,0.0019999999999999996,0.007023824937974981,51743635.7714029,376607092.5977295,0.5,0.005656854249492385,499.0,1.9416342412451362,0.08556241426611796,17.821428571428573,20.164239654560767,2.3209302325581396,1.5809257520287017,10.936936936936936,4.4049783990866365,0.0362068056832364,0.058671606546015956,0.014205837264657021,0.026239587760103506,0.0038910505836575876,0.01813521023087001,philippine
158,523.0,12.363288718929255,3.7679265371901516,0.0019120458891013381,0.009764877572789312,11601469.972484456,92264407.5228483,0.5,0.01216818552711077,522.0,104.4,0.09659511472982976,20.076923076923077,19.827098783075808,104.4,11.502173707608488,11.376076555023923,4.003494870968762,0.0383006036557069,0.05368236470394836,0.01249959677400826,0.029749114477262507,0.2,0.08902085843485896,phoneme
159,128.0,10.03125,3.578011368669852,0.007812500000000002,0.01026403398770617,117763.22762205116,293421.69328268146,0.5,0.08838834764831845,127.0,18.142857142857142,0.254,7.055555555555555,4.683792106480819,18.142857142857142,4.375255094603872,9.074509803921568,3.785376084523367,0.054240501100933855,0.07984921100480308,0.03870970010757446,0.06849862381043018,0.14285714285714285,0.04978480172204921,pm10
160,1415.0,14.97243816254417,3.652315640677384,0.0007067137809187279,0.0078096535158745225,36610709.5553293,174520265.10910448,0.09090909090909091,0.020002054426997637,1414.0,54.38461538461539,0.09426666666666667,54.38461538461539,53.72007216903337,54.38461538461539,50.726779454703745,13.978084128667374,3.9051085940769594,0.038093249359014,0.05508756580041748,0.0048000284092165136,0.01848446091591884,0.03846153846153847,0.06687470072028608,pol
161,1049.0,18.15443279313632,5.827594750811603,0.0009532888465204957,0.0009469322844848637,21524375644.035988,210133358556.58597,0.5,0.0006740770078041202,1048.0,209.6,0.27234927234927236,28.324324324324323,25.7153802379195,209.6,22.87575135378071,17.16356700047687,5.982197528537254,0.02541889602379356,0.05559276167227283,0.005055652974794124,0.02647269837790584,0.2,0.019233988628225934,pollen
162,9160.0,20.093886462882097,5.09069676380251,0.00010917030567685588,0.0019958012360886605,179315040623.33063,3201679346589.5034,0.5,0.31186805633118475,9159.0,160.68421052631578,0.015387794600915303,234.84615384615384,248.87309580138464,160.68421052631578,146.42467077144588,19.095037938752114,5.28119408562206,0.025808723479993734,0.04341872588573076,0.0009071114346748228,0.006025117103747057,,,porto-seguro
163,539.0,11.478664192949907,3.3552114039897223,0.0018552875695732839,0.011982343637538782,6720063.994481032,52842989.41147299,0.5,0.0013118864214963612,538.0,16.8125,0.065673828125,21.52,24.314124838592623,16.8125,6.625646651338049,10.49025069637883,3.6213877826613516,0.04313242758154663,0.061560415434194035,0.013558420599723349,0.024330899349749198,0.031249999999999997,0.10101358463384559,puma32H
164,1070.0,12.833644859813084,3.3719234718406894,0.0009345794392523365,0.003321921020324839,7230465.663206897,39218026.8497117,0.5,0.01982542377158541,1069.0,133.625,0.1304931640625,44.541666666666664,42.03929752305436,133.625,16.561034301723343,11.840112201963535,3.644345311162655,0.046592331808271825,0.07179576040500409,0.007726162059284817,0.01401317183961943,0.125,0.12776150508062126,puma8NH
165,122.0,9.10655737704918,2.9170555092058335,0.00819672131147541,0.02225013259174785,41646.47669715904,131059.0307662553,0.5,0.011591914445681119,121.0,2.951219512195122,0.11469194312796209,7.117647058823529,5.498662939083197,4.033333333333333,2.7352530404703512,8.148148148148149,3.177052708383311,0.05861326408312954,0.07884818407508212,0.04420033439261015,0.0628720304835862,0.024390243902439025,0.04475323455126604,qsar-biodeg
166,,,,,,,,,,,,,,,,,,,,,,,,,quake
167,428.0,15.792056074766355,10.794275196940884,0.0023364485981308405,0.017291599888341922,208747151185680.94,1561294827342083.8,0.5,0.15199491558215505,427.0,21.35,0.0577027027027027,8.372549019607844,11.092268991173494,21.35,5.018649430400888,14.811695906432748,10.871437505855358,0.021307403612377124,0.050824523589745985,0.015216550195923155,0.03193763961425234,0.05,0.032366792714900346,ringnorm
168,46.0,6.260869565217392,1.5696394859782385,0.021739130434782608,0.0632526280743469,868.7619047619046,1020.5061756250943,0.5,0.03074377309506726,45.0,4.5,0.08858267716535433,4.5,3.5668224265054493,4.5,2.6770630673681683,5.34065934065934,1.9732645270649585,0.10407534687072932,0.11096285194117629,0.10551120923913043,0.07953639286083157,0.09999999999999999,0.19833163586767966,rmftsa_ladata
169,2660.0,14.228571428571428,3.838456100026053,0.00037593984962406017,0.0009116396938037078,335294477.00536364,3433995397.0686126,0.09999999999999999,0.007688151203096727,2659.0,0.36930555555555555,0.2659,88.63333333333334,102.32250682180754,1.1929116195603409,0.45489952112728943,13.231434480165445,4.085401416035636,0.03589963841768851,0.06138564685264059,0.0036201766257951584,0.006780562179457673,0.0001388888888888889,0.0004406265755549758,robert
170,506.0,11.992094861660078,3.6727437013674042,0.0019762845849802375,0.009319834280011718,4360337.629004148,27246306.52589172,0.16666666666666666,0.08707920438960769,505.0,14.027777777777779,0.07853810264385692,21.041666666666668,18.76740737848851,14.027777777777779,3.9963276793369835,11.00494559841741,3.914554622569104,0.04422972599834829,0.07107158689418214,0.01411744375002714,0.025270412739451017,0.027777777777777773,0.06438165554529277,satimage
171,161.0,11.4472049689441,3.2285844830165367,0.006211180124223602,0.020490832289530997,223350.051240263,465014.87826173124,0.14285714285714285,0.11647687932948408,160.0,10.0,0.06926406926406926,8.88888888888889,6.515943242529763,10.0,6.870225614927067,10.485981308411215,3.45605759676391,0.0536528683488435,0.09932827770545721,0.018403521235685172,0.05722447432229215,0.0625,0.10207709425784106,segment
172,254.0,9.248031496062993,2.131426822435932,0.003937007874015748,0.010322492383908735,40408.53297813297,72866.651998954,0.1,0.03536982788015332,253.0,0.98828125,0.15881983678593847,16.866666666666667,14.79317732057908,1.58125,0.7134985554850446,8.268244575936883,2.5177310891549953,0.07922591902491012,0.08854612219329948,0.02760254867433563,0.0303429215949575,0.00390625,0.008605999933904793,semeion
173,,,,,,,,,,,,,,,,,,,,,,,,,sensory
174,35.0,6.0,1.6627404735414788,0.02857142857142857,0.12206225358167831,556.4825396825396,504.67867495553133,0.14285714285714285,0.09476070829586856,34.0,3.7777777777777777,0.0005862068965517242,3.7777777777777777,2.279132388529557,5.666666666666667,3.9327683210007005,5.101449275362318,2.0157098263407907,0.1200773322774251,0.1075341428655621,0.12466517857142857,0.1009425073088222,0.1111111111111111,0.18172303427652714,shuttle
175,,,,,,,,,,,,,,,,,,,,,,,,,socmob
176,73.0,9.0,3.3541019662496847,0.0136986301369863,0.020643077118292563,25358.593495393496,57736.52573208537,0.05263157894736842,0.0626525215797897,72.0,2.057142857142857,0.1054172767203514,4.5,2.3944379994757297,2.6666666666666665,1.6870547845739468,8.068965517241379,3.5446657349338024,0.05801202301151457,0.09950921982335671,0.060244625561857876,0.092569533848528,0.02857142857142857,0.03346442939956233,soybean
177,,,,,,,,,,,,,,,,,,,,,,,,,space_ga
178,298.0,15.449664429530202,6.984770582419548,0.003355704697986577,0.014366364816718363,1973745466.1440122,13453587305.785917,0.5,0.018982732380846887,297.0,5.2105263157894735,0.06455118452510324,8.735294117647058,5.9202212465281345,5.711538461538462,5.726911149321002,14.477310924369748,7.0946515276499795,0.027064592566980735,0.062241830862602786,0.016842390469591066,0.04848890154277274,0.017543859649122806,0.049240697265416314,spambase
179,165.0,8.63030303030303,1.781422569472877,0.00606060606060606,0.0207661267544347,12472.520634920635,13470.715288276402,0.3333333333333333,0.08484848484848484,164.0,2.7333333333333334,0.05141065830721003,13.666666666666666,11.15456150748394,2.9285714285714284,1.6933790088259826,7.659574468085107,2.2126798813644313,0.0905984189132092,0.060809716018645876,0.036177201704545456,0.04951559728821318,0.01666666666666666,0.048021484539249794,splice
180,304.0,11.851973684210526,3.074615979020324,0.003289473684210526,0.009951848196408406,588174.3880925404,2021038.6690250214,0.14285714285714285,0.14093462173369103,303.0,11.222222222222221,0.1561051004636785,15.15,13.914305399007244,12.12,6.572163519978283,10.873146622734762,3.3441817584547957,0.0477357793476111,0.07936205811331244,0.016646021290829306,0.04884936053298317,0.037037037037037035,0.03893230891228299,steel-plates-fault
181,257.0,11.653696498054474,3.88716788589736,0.0038910505836575885,0.024012916374721065,718869.1095648074,1785728.3071913382,0.5,0.024762494282797413,256.0,12.8,0.04996096799375488,12.8,7.654376113323052,12.8,6.118135250823442,10.678362573099415,4.098858888592836,0.051421682526315994,0.0783413416741922,0.0228262652682887,0.04460670148591567,0.05,0.1619051897448788,sylvine
182,33.0,6.454545454545454,1.9857446508002528,0.0303030303030303,0.05290592828289423,751.1111111111111,689.2151219985922,0.16666666666666666,0.0807449248149953,32.0,0.5333333333333333,0.05333333333333334,3.5555555555555554,1.8104634152000358,1.3333333333333333,0.5646597025732799,5.569230769230769,2.2567207318448737,0.11232849164462899,0.13460506324309598,0.11150568181818182,0.11832976384300652,0.016666666666666666,0.054896416953101164,synthetic_control
183,38593.0,50.5267276449097,21.793796020764013,2.591143471614023e-05,9.88981004198565e-06,2.4990446868227382e+30,5.963784853541066e+31,0.05,0.014464658228756411,38592.0,19296.0,0.8429697909613159,374.6796116504854,257.31681904716913,19296.0,156.97770542341354,49.527395219278354,21.838845484429257,0.008913807226801731,0.03425752411968118,0.00017169240379372007,0.0037469753967517097,0.5,0.0047693032114507206,tamilnadu-electricity
184,,,,,,,,,,,,,,,,,,,,,,,,,tecator
185,279.0,12.516129032258064,3.7816660232427113,0.003584229390681003,0.012865488226871216,3701528.1124681216,20020700.50648493,0.09090909090909091,0.06529345983290193,278.0,7.513513513513513,0.050545454545454546,11.583333333333334,10.664515181571593,7.513513513513513,4.574212874738497,11.540394973070018,3.9969280274562533,0.0390976104545886,0.06194277120840371,0.01653009375363695,0.050867974414167565,0.02702702702702703,0.038475426874461274,texture
186,45.0,6.711111111111111,1.9842816678520563,0.022222222222222223,0.08274468811581541,1202.0190476190476,1148.0411620813184,0.5,0.07856742013183865,44.0,1.0476190476190477,0.045881126173096975,4.4,2.3190036174568114,1.6923076923076923,1.0107118588096518,5.797752808988764,2.2971314883057703,0.10558379306846188,0.10593871424932554,0.10047743055555555,0.09761589680789583,0.023809523809523808,0.09759256778761516,tokyo1
187,,,,,,,,,,,,,,,,,,,,,,,,,topo_2_1
188,469.0,10.049040511727078,2.2129533521865263,0.0021321961620469083,0.009131596101362306,155889.26670714907,369093.5620154106,0.5,0.007538451825016492,468.0,23.4,0.06324324324324325,27.529411764705884,28.251366442746676,23.4,6.107803464249217,9.060832443970117,2.6016785653840375,0.0713907929422631,0.09372745392933018,0.017166593181553173,0.01717826055946187,0.04999999999999998,0.03096553968938664,twonorm
189,,,,,,,,,,,,,,,,,,,,,,,,,us_crime
190,133.0,9.135338345864662,3.1593582846866948,0.007518796992481203,0.016906203008090235,81711.36481818835,280497.8694200202,0.25,0.16950677169316533,132.0,7.333333333333333,0.15602836879432624,7.333333333333333,6.516946235415336,7.333333333333333,3.6461099334851146,8.173584905660377,3.4056632282146926,0.062053238872012285,0.08530592371045216,0.043166597982994596,0.05563678796202072,0.055555555555555566,0.05235512197333172,vehicle
191,5.0,2.4,0.5477225575051661,0.2,0.22564594145943345,11.333333333333334,1.8257418583505538,0.5,0.14142135623730948,4.0,1.0,0.0004629093854877908,1.3333333333333333,0.5773502691896257,1.3333333333333333,0.5773502691896257,1.7777777777777777,0.97182531580755,0.32808838596972456,0.1666852663448028,0.45,0.06846531968814576,0.25,0.3062522280129461,visualizing_soil
192,162.0,9.333333333333334,2.6609669937101637,0.006172839506172839,0.031378157435346936,40887.10001110002,93324.19905267321,0.2,0.10073272178203177,161.0,53.666666666666664,0.09919901417128774,10.0625,7.6982140786029065,53.666666666666664,5.033222956847167,8.365325077399381,2.958770330060478,0.06675195743843715,0.08648905707394601,0.03630631058304398,0.051072045739375786,0.3333333333333333,0.16110974361502342,volcanoes-a2
193,159.0,9.333333333333334,2.982367309358874,0.006289308176100629,0.035544663384742915,78240.94424268542,288059.08743113716,0.19999999999999998,0.1027103912414357,158.0,52.666666666666664,0.10387902695595003,8.777777777777779,7.1583398959087905,52.666666666666664,7.371114795831994,8.365930599369085,3.2499036258705876,0.057610963681361066,0.08504497273317316,0.037971304647577635,0.048088191946888126,0.3333333333333333,0.19241041948117787,volcanoes-a3
194,167.0,9.568862275449101,2.61708713712924,0.005988023952095809,0.025723763442005044,55181.66346594582,168800.6999996734,0.2,0.10539602590990084,166.0,55.333333333333336,0.10957095709570958,9.764705882352942,8.627930022351146,55.333333333333336,4.041451884327381,8.6006006006006,2.918511689468778,0.05908483194006144,0.07436572394495745,0.03290315730843001,0.05654023497536505,0.3333333333333333,0.1377889251385262,volcanoes-a4
195,521.0,13.63147792706334,4.814490100406864,0.0019193857965451055,0.008176714940846878,91575820.84879448,676209406.0551106,0.2,0.17269886360811965,520.0,173.33333333333334,0.05110062893081761,17.93103448275862,15.54240980231361,173.33333333333334,17.50238079043344,12.645533141210375,4.997518781384902,0.03387688649031178,0.05373960649389252,0.011916152367836682,0.03163549340714181,0.3333333333333333,0.1823177836294242,volcanoes-b1
196,521.0,13.790786948176583,4.288669279300275,0.001919385796545106,0.007544198263434552,15216847.663465822,62244425.59017592,0.2,0.17127977682221765,520.0,173.33333333333334,0.048743907011623545,20.8,16.142593761020354,173.33333333333334,22.18858565419016,12.804995196926033,4.492666462925141,0.03925284941285158,0.060658790053280044,0.011214414507779874,0.03386936707937336,0.3333333333333333,0.15286616582279347,volcanoes-b2
197,543.0,13.152854511970535,4.035889060456751,0.001841620626151013,0.007208651947953578,6889893.168012645,29643590.67190513,0.2,0.17233476084564583,542.0,180.66666666666666,0.05425968565421964,22.583333333333332,17.36792813021265,180.66666666666666,22.5905584998099,12.165898617511521,4.255031561281077,0.0415994486206445,0.05653947295197767,0.011633026665745519,0.030468444958226842,0.3333333333333333,0.17772859319175832,volcanoes-b5
198,530.0,13.166037735849057,4.437635203455933,0.0018867924528301887,0.008107723864398396,50665447.63833155,373108074.9705128,0.2,0.17086674111197628,529.0,176.33333333333334,0.05222112537018756,18.892857142857142,17.86853076037287,176.33333333333334,25.482019804821856,12.179414542020774,4.63730978056894,0.036579217176204055,0.05494963339216907,0.011724304042334826,0.03166839079334666,0.3333333333333333,0.17864664203874284,volcanoes-b6
199,752.0,14.58377659574468,4.431265576913657,0.0013297872340425532,0.0048674501470306105,28153294.750657346,96103456.67218985,0.2,0.17791986681182545,751.0,250.33333333333334,0.08579915457557409,30.04,21.394080178092878,250.33333333333334,13.576941236277534,13.59414504324684,4.6341829321886285,0.03968856534831561,0.0566882258555808,0.008260805556114683,0.027106652212393743,0.3333333333333333,0.04827238518895057,volcanoes-d1
200,751.0,15.362183754993342,4.902174486033969,0.0013315579227696406,0.004293213734518245,223734795.51975384,1711264293.9380395,0.2,0.16959312614747807,750.0,250.0,0.08666512595331638,25.0,20.571154896920675,250.0,9.643650760992955,14.373084610259827,5.0846876415537725,0.03219171305726415,0.05715466067166268,0.007631830615642544,0.02923976493263045,0.3333333333333333,0.0709083742530038,volcanoes-d4
201,129.0,8.968992248062015,2.695302581854575,0.007751937984496124,0.025626437506598362,34082.60956820957,97374.25473464633,0.2,0.1424543843041537,128.0,42.666666666666664,0.10819949281487742,8.0,6.366579406033772,42.666666666666664,8.621678104251709,8.007782101167315,2.980394554808915,0.059882766008450425,0.09015603288505766,0.04293421072553295,0.05942120201217453,0.3333333333333333,0.09769058082910666,volcanoes-e1
202,12326.0,19.294093785494077,6.177108233469664,8.112932013629726e-05,0.0004995782302610817,2432873636620779.0,6.816745368792917e+16,0.1,0.05266570151056954,12325.0,87.41134751773049,0.21137026239067055,228.24074074074073,319.58805649780584,87.41134751773049,34.75651448125245,18.294917041904995,6.335616676025426,0.018822728170841817,0.0408886300067107,0.0008344235782455912,0.0033494044893965526,0.0070921985815602835,0.010813799330035777,volkert
203,33.0,6.484848484848484,1.9384467383902395,0.030303030303030304,0.08039598417469807,706.3555555555556,558.9500006981154,0.25,0.17734393804120643,32.0,1.3333333333333333,0.005865102639296188,3.5555555555555554,1.8104634152000358,3.2,1.2292725943057181,5.6,2.2135943621178655,0.10658999054101116,0.09645558177600522,0.11221590909090909,0.12659871175237375,0.041666666666666664,0.0910689963579428,wall-robot-navigation
204,510.0,10.976470588235294,3.329842927751209,0.00196078431372549,0.007425884703337264,2756731.373523072,12612254.00607353,0.3333333333333333,0.03756322364836865,509.0,12.725,0.1018,23.136363636363637,25.00341967953575,12.725,6.464845765308772,9.988223748773308,3.5984414172778783,0.04899875228952928,0.07421684733777392,0.015244684967340208,0.02036056469166675,0.025,0.042231101146814415,waveform-5000
205,77.0,7.12987012987013,1.8521015755270336,0.012987012987012986,0.04448859239832444,3179.492063492064,5756.987233490447,0.5,0.0275496148514239,76.0,15.2,0.015705724323207274,6.333333333333333,5.382350506024015,15.2,6.3796551630946325,6.183006535947713,2.2373560185863064,0.10610652175625818,0.10403404530598616,0.07295048701298701,0.05777184152733343,0.2,0.2473362771183113,wilt
206,687.0,11.296943231441048,2.6827989987358563,0.001455604075691412,0.005579092433726683,696349.3064156346,1968154.2905684474,0.5,0.02367315279081603,686.0,49.0,0.10435047155460907,36.10526315789474,33.122491077886615,49.0,13.733731634751882,10.305899490167516,3.014726031062946,0.058849187958781204,0.07711285916134898,0.01174751292843659,0.016943239039185213,0.07142857142857142,0.11628540470757613,wind
207,400.0,11.04,3.2772321593940235,0.0024999999999999996,0.003986299799829803,959486.720035795,3894186.553718376,0.16666666666666666,0.15191828944095792,399.0,36.27272727272727,0.24953095684803,19.0,17.017637908946117,36.27272727272727,8.063385257953499,10.055068836045056,3.54413224887437,0.049840022121998555,0.0680834052591366,0.01759965658187866,0.02822601957150174,0.0909090909090909,0.040767554484569306,wine-quality-red
208,1283.0,14.377240841777086,3.844218406648956,0.000779423226812159,0.0011692194938322648,62873518.26109846,596584954.1322607,0.14285714285714285,0.13742678870644598,1282.0,116.54545454545455,0.26173948550428744,45.785714285714285,45.41280382582375,116.54545454545455,16.274910975877173,13.383235867446393,4.0849157062233425,0.037505139194897424,0.06132934996738891,0.005907410286825705,0.016221678629136586,0.09090909090909091,0.021496517970863254,wine-quality-white
209,1685.0,13.977448071216617,3.7450793549040635,0.0005934718100890207,0.0008794644398730217,74556140.7941793,522078117.6077229,0.14285714285714285,0.14103946917545299,1684.0,153.0909090909091,0.25919655225488686,62.370370370370374,62.74376962520364,153.0909090909091,18.52271332960992,12.981893737013952,3.994945422719821,0.03880105781209744,0.06416196750804298,0.005085741076342076,0.011202782485449694,0.09090909090909091,0.019673228057746104,wine_quality
210,,,,,,,,,,,,,,,,,,,,,,,,,yprop_4_1
